"","V1","V2","Bin","bin","Database","ARO.Accession","CVTERM.ID","Model.Sequence.ID","Model.ID","Model.Name","ARO.Name","Protein.Accession","DNA.Accession","AMR.Gene.Family","Drug.Class","Resistance.Mechanism","CARD.Short.Name"
"1","EBBCJGAE_04010","gb|NP_215196.1|ARO:3003395|Mtub_rpsL_STR","1final_SemiBin_0.fa_PROKKA_07062024.faa.CARDbins.txt","1final_SemiBin_0.fa","CARD-ARGs","ARO:3003395",39979,8803,1197,"Mycobacterium tuberculosis rpsL mutations conferring resistance to Streptomycin","Mycobacterium tuberculosis rpsL mutations conferring resistance to Streptomycin","NP_215196.1","NC_000962.3","antibiotic-resistant rpsL","aminoglycoside antibiotic","antibiotic target alteration","Mtub_rpsL_STR"
"2","HGFCEMMJ_00071","gb|YP_177995.1|ARO:3004957|Mtub_clpC1_PZA","1final_SemiBin_1.fa_PROKKA_07062024.faa.CARDbins.txt","1final_SemiBin_1.fa","CARD-ARGs","ARO:3004957",43143,8823,3705,"Mycobacterium tuberculosis clpC1 with mutation conferring resistance to pyrazinamide","Mycobacterium tuberculosis clpC1 with mutation conferring resistance to pyrazinamide","YP_177995.1","NC_000962.3","pyrazinamide resistant clpC1","pyrazine antibiotic","antibiotic target alteration","Mtub_clpC1_PZA"
"3","JPDOOLJA_00031","gb|BAB38333.1|ARO:3003288|Ecol_rpoB_RIF","1final_SemiBin_10.fa_PROKKA_07062024.faa.CARDbins.txt","1final_SemiBin_10.fa","CARD-ARGs","ARO:3003288",39872,5493,627,"Escherichia coli rpoB mutants conferring resistance to rifampicin","Escherichia coli rpoB mutants conferring resistance to rifampicin","BAB38333.1","BA000007.3","rifamycin-resistant beta-subunit of RNA polymerase (rpoB)","peptide antibiotic;rifamycin antibiotic","antibiotic target alteration;antibiotic target replacement","Ecol_rpoB_RIF"
"4","JPDOOLJA_00039","gb|CDO13836.1|ARO:3005044|OmpA","1final_SemiBin_10.fa_PROKKA_07062024.faa.CARDbins.txt","1final_SemiBin_10.fa","CARD-ARGs","ARO:3005044",43242,6080,3787,"OmpA","OmpA","CDO13836.1","FO834906.1","General Bacterial Porin with reduced permeability to peptide antibiotics","peptide antibiotic","reduced permeability to antibiotic","OmpA"
"5","JPDOOLJA_00079","gb|VWQ04090.1|ARO:3005042|mlaD","1final_SemiBin_10.fa_PROKKA_07062024.faa.CARDbins.txt","1final_SemiBin_10.fa","CARD-ARGs","ARO:3005042",43240,6078,3785,"mlaD","mlaD","VWQ04090.1","LR730402.1","ATP-binding cassette (ABC) antibiotic efflux pump","glycopeptide antibiotic;oxazolidinone antibiotic","antibiotic efflux","mlaD"
"6","JPDOOLJA_00096","gb|BAE77933.1|ARO:3000518|CRP","1final_SemiBin_10.fa_PROKKA_07062024.faa.CARDbins.txt","1final_SemiBin_10.fa","CARD-ARGs","ARO:3000518",36657,4752,869,"CRP","CRP","BAE77933.1","AP009048.1","resistance-nodulation-cell division (RND) antibiotic efflux pump","fluoroquinolone antibiotic;macrolide antibiotic;penicillin beta-lactam","antibiotic efflux","CRP"
"7","JPDOOLJA_00348","gb|AAC76093.1|ARO:3002986|bacA","1final_SemiBin_10.fa_PROKKA_07062024.faa.CARDbins.txt","1final_SemiBin_10.fa","CARD-ARGs","ARO:3002986",39420,4677,1820,"bacA","bacA","AAC76093.1","U00096.3","undecaprenyl pyrophosphate related proteins","peptide antibiotic","antibiotic target alteration","bacA"
"8","JPDOOLJA_00413","gb|CDJ72593.1|ARO:3003889|Ecol_GlpT_FOF","1final_SemiBin_10.fa_PROKKA_07062024.faa.CARDbins.txt","1final_SemiBin_10.fa","CARD-ARGs","ARO:3003889",40588,4617,2372,"Escherichia coli GlpT with mutation conferring resistance to fosfomycin","Escherichia coli GlpT with mutation conferring resistance to fosfomycin","CDJ72593.1","HG738867.1","antibiotic-resistant GlpT","phosphonic acid antibiotic","antibiotic target alteration","Ecol_GlpT_FOF"
"9","JPDOOLJA_00441","gb|AAA50993.1|ARO:3003368|Ecol_EFTu_KIR","1final_SemiBin_10.fa_PROKKA_07062024.faa.CARDbins.txt","1final_SemiBin_10.fa","CARD-ARGs","ARO:3003368",39952,3531,2137,"Escherichia coli EF-Tu mutants conferring resistance to kirromycin","Escherichia coli EF-Tu mutants conferring resistance to kirromycin","AAA50993.1","AH002539.2","elfamycin resistant EF-Tu","elfamycin antibiotic","antibiotic target alteration","Ecol_EFTu_KIR"
"10","JPDOOLJA_00645","gb|AAC16242.1|ARO:3005069|rsmA","1final_SemiBin_10.fa_PROKKA_07062024.faa.CARDbins.txt","1final_SemiBin_10.fa","CARD-ARGs","ARO:3005069",43273,6102,3807,"rsmA","rsmA","AAC16242.1","AF061757.1","resistance-nodulation-cell division (RND) antibiotic efflux pump","diaminopyrimidine antibiotic;fluoroquinolone antibiotic;phenicol antibiotic","antibiotic efflux","rsmA"
"11","JPDOOLJA_00675","gb|AAC76209.2|ARO:3003386|Ecol_folP_SLF","1final_SemiBin_10.fa_PROKKA_07062024.faa.CARDbins.txt","1final_SemiBin_10.fa","CARD-ARGs","ARO:3003386",39970,5412,29,"Escherichia coli folP with mutation conferring resistance to sulfonamides","Escherichia coli folP with mutation conferring resistance to sulfonamides","AAC76209.2","U00096.3","sulfonamide resistant dihydropteroate synthase folP","sulfonamide antibiotic;sulfone antibiotic","antibiotic target alteration","Ecol_folP_SLF"
"12","JPDOOLJA_00789","gb|AML99881.1|ARO:3001327|MdtK","1final_SemiBin_10.fa_PROKKA_07062024.faa.CARDbins.txt","1final_SemiBin_10.fa","CARD-ARGs","ARO:3001327",37726,4682,1752,"MdtK","MdtK","AML99881.1","CP014358.1","multidrug and toxic compound extrusion (MATE) transporter","fluoroquinolone antibiotic","antibiotic efflux","MdtK"
"13","GAHBCCHA_01142","gb|NP_215196.1|ARO:3003395|Mtub_rpsL_STR","1final_SemiBin_12.fa_PROKKA_07062024.faa.CARDbins.txt","1final_SemiBin_12.fa","CARD-ARGs","ARO:3003395",39979,8803,1197,"Mycobacterium tuberculosis rpsL mutations conferring resistance to Streptomycin","Mycobacterium tuberculosis rpsL mutations conferring resistance to Streptomycin","NP_215196.1","NC_000962.3","antibiotic-resistant rpsL","aminoglycoside antibiotic","antibiotic target alteration","Mtub_rpsL_STR"
"14","GAHBCCHA_01196","gb|NP_215182.1|ARO:3004994|Mtub_rpoC_RIF","1final_SemiBin_12.fa_PROKKA_07062024.faa.CARDbins.txt","1final_SemiBin_12.fa","CARD-ARGs","ARO:3004994",43181,8801,3746,"Mycobacterium tuberculosis rpoC mutations confer resistance to rifampicin","Mycobacterium tuberculosis rpoC mutations confer resistance to rifampicin","NP_215182.1","NC_000962.3","rifampicin resistant rpoC","rifamycin antibiotic","antibiotic target alteration","Mtub_rpoC_RIF"
"15","OKOFEPGN_00030","gb|AAG04568.1|ARO:3003895|Paer_PhoP_CST","1final_SemiBin_14.fa_PROKKA_07062024.faa.CARDbins.txt","1final_SemiBin_14.fa","CARD-ARGs","ARO:3003895",40597,5367,1600,"Pseudomonas mutant PhoP conferring resistance to colistin","Pseudomonas mutant PhoP conferring resistance to colistin","AAG04568.1","AE004091.2","ATP-binding cassette (ABC) antibiotic efflux pump;pmr phosphoethanolamine transferase;transmembrane protein conferring colistin resistance","macrolide antibiotic;peptide antibiotic","antibiotic efflux;antibiotic target alteration;resistance by absence","Paer_PhoP_CST"
"16","OKOFEPGN_00371","gb|YP_177995.1|ARO:3004957|Mtub_clpC1_PZA","1final_SemiBin_14.fa_PROKKA_07062024.faa.CARDbins.txt","1final_SemiBin_14.fa","CARD-ARGs","ARO:3004957",43143,8823,3705,"Mycobacterium tuberculosis clpC1 with mutation conferring resistance to pyrazinamide","Mycobacterium tuberculosis clpC1 with mutation conferring resistance to pyrazinamide","YP_177995.1","NC_000962.3","pyrazinamide resistant clpC1","pyrazine antibiotic","antibiotic target alteration","Mtub_clpC1_PZA"
"17","KCENFCOK_00348","gb|AHA41499.1|ARO:3002948|vanH_in_vanO_cl","1final_SemiBin_2.fa_PROKKA_07062024.faa.CARDbins.txt","1final_SemiBin_2.fa","CARD-ARGs","ARO:3002948",39382,576,786,"vanH gene in vanO cluster","vanH gene in vanO cluster","AHA41499.1","KF478993.1","glycopeptide resistance gene cluster;vanH","glycopeptide antibiotic","antibiotic target alteration","vanH_in_vanO_cl"
"18","BDOCEFGB_02486","gb|AHA41501.1|ARO:3002954|vanX_in_vanO_cl","1final_SemiBin_20.fa_PROKKA_07062024.faa.CARDbins.txt","1final_SemiBin_20.fa","CARD-ARGs","ARO:3002954",39388,23,1699,"vanX gene in vanO cluster","vanX gene in vanO cluster","AHA41501.1","KF478993.1","glycopeptide resistance gene cluster;vanX","glycopeptide antibiotic","antibiotic target alteration","vanX_in_vanO_cl"
"19","BDOCEFGB_02487","gb|AHA41500.1|ARO:3002913|vanO","1final_SemiBin_20.fa_PROKKA_07062024.faa.CARDbins.txt","1final_SemiBin_20.fa","CARD-ARGs","ARO:3002913",39347,675,1754,"vanO","vanO","AHA41500.1","KF478993.1","Van ligase;glycopeptide resistance gene cluster","glycopeptide antibiotic","antibiotic target alteration","vanO"
"20","BDOCEFGB_03203","gb|AHA41505.1|ARO:3002930|vanR_in_vanO_cl","1final_SemiBin_20.fa_PROKKA_07062024.faa.CARDbins.txt","1final_SemiBin_20.fa","CARD-ARGs","ARO:3002930",39364,4685,1689,"vanR gene in vanO cluster","vanR gene in vanO cluster","AHA41505.1","KF478993.1","glycopeptide resistance gene cluster;vanR","glycopeptide antibiotic","antibiotic target alteration","vanR_in_vanO_cl"
"21","BDOCEFGB_03903","gb|NP_215196.1|ARO:3003395|Mtub_rpsL_STR","1final_SemiBin_20.fa_PROKKA_07062024.faa.CARDbins.txt","1final_SemiBin_20.fa","CARD-ARGs","ARO:3003395",39979,8803,1197,"Mycobacterium tuberculosis rpsL mutations conferring resistance to Streptomycin","Mycobacterium tuberculosis rpsL mutations conferring resistance to Streptomycin","NP_215196.1","NC_000962.3","antibiotic-resistant rpsL","aminoglycoside antibiotic","antibiotic target alteration","Mtub_rpsL_STR"
"22","BDOCEFGB_03908","gb|AFK57679.1|ARO:3003438|Efac_EFTu_GE2A","1final_SemiBin_20.fa_PROKKA_07062024.faa.CARDbins.txt","1final_SemiBin_20.fa","CARD-ARGs","ARO:3003438",40022,5307,2108,"Enterococcus faecium EF-Tu mutants conferring resistance to GE2270A","Enterococcus faecium EF-Tu mutants conferring resistance to GE2270A","AFK57679.1","CP003583.1","elfamycin resistant EF-Tu","elfamycin antibiotic","antibiotic target alteration","Efac_EFTu_GE2A"
"23","JEFJIDJD_00036","gb|CAA67349.1|ARO:3003359|Scin_EFTu_ELF","1final_SemiBin_26.fa_PROKKA_07062024.faa.CARDbins.txt","1final_SemiBin_26.fa","CARD-ARGs","ARO:3003359",39943,3578,2310,"Streptomyces cinnamoneus EF-Tu mutants conferring resistance to elfamycin","Streptomyces cinnamoneus EF-Tu mutants conferring resistance to elfamycin","CAA67349.1","X98831.1","elfamycin resistant EF-Tu","elfamycin antibiotic","antibiotic target alteration","Scin_EFTu_ELF"
"24","JEFJIDJD_00166","gb|NP_215196.1|ARO:3003395|Mtub_rpsL_STR","1final_SemiBin_26.fa_PROKKA_07062024.faa.CARDbins.txt","1final_SemiBin_26.fa","CARD-ARGs","ARO:3003395",39979,8803,1197,"Mycobacterium tuberculosis rpsL mutations conferring resistance to Streptomycin","Mycobacterium tuberculosis rpsL mutations conferring resistance to Streptomycin","NP_215196.1","NC_000962.3","antibiotic-resistant rpsL","aminoglycoside antibiotic","antibiotic target alteration","Mtub_rpsL_STR"
"25","JEFJIDJD_02456","gb|CAA67349.1|ARO:3003359|Scin_EFTu_ELF","1final_SemiBin_26.fa_PROKKA_07062024.faa.CARDbins.txt","1final_SemiBin_26.fa","CARD-ARGs","ARO:3003359",39943,3578,2310,"Streptomyces cinnamoneus EF-Tu mutants conferring resistance to elfamycin","Streptomyces cinnamoneus EF-Tu mutants conferring resistance to elfamycin","CAA67349.1","X98831.1","elfamycin resistant EF-Tu","elfamycin antibiotic","antibiotic target alteration","Scin_EFTu_ELF"
"26","JEFJIDJD_02512","gb|APB03222.1|ARO:3003992|rphB","1final_SemiBin_26.fa_PROKKA_07062024.faa.CARDbins.txt","1final_SemiBin_26.fa","CARD-ARGs","ARO:3003992",40874,3864,2528,"rphB","rphB","APB03222.1","KX531052.1","rifampin phosphotransferase","rifamycin antibiotic","antibiotic inactivation","rphB"
"27","CKNFAOMG_01124","gb|NP_215196.1|ARO:3003395|Mtub_rpsL_STR","1final_SemiBin_29.fa_PROKKA_07062024.faa.CARDbins.txt","1final_SemiBin_29.fa","CARD-ARGs","ARO:3003395",39979,8803,1197,"Mycobacterium tuberculosis rpsL mutations conferring resistance to Streptomycin","Mycobacterium tuberculosis rpsL mutations conferring resistance to Streptomycin","NP_215196.1","NC_000962.3","antibiotic-resistant rpsL","aminoglycoside antibiotic","antibiotic target alteration","Mtub_rpsL_STR"
"28","LPBKMLDL_00336","gb|YP_177995.1|ARO:3004957|Mtub_clpC1_PZA","1final_SemiBin_32.fa_PROKKA_07062024.faa.CARDbins.txt","1final_SemiBin_32.fa","CARD-ARGs","ARO:3004957",43143,8823,3705,"Mycobacterium tuberculosis clpC1 with mutation conferring resistance to pyrazinamide","Mycobacterium tuberculosis clpC1 with mutation conferring resistance to pyrazinamide","YP_177995.1","NC_000962.3","pyrazinamide resistant clpC1","pyrazine antibiotic","antibiotic target alteration","Mtub_clpC1_PZA"
"29","LPBKMLDL_00637","gb|AAB39605.1|ARO:3003361|Pros_EFTu_GE2A","1final_SemiBin_32.fa_PROKKA_07062024.faa.CARDbins.txt","1final_SemiBin_32.fa","CARD-ARGs","ARO:3003361",39945,3512,2257,"Planobispora rosea EF-Tu mutants conferring resistance to inhibitor GE2270A","Planobispora rosea EF-Tu mutants conferring resistance to inhibitor GE2270A","AAB39605.1","U67308.1","elfamycin resistant EF-Tu","elfamycin antibiotic","antibiotic target alteration","Pros_EFTu_GE2A"
"30","BEJENBDI_00906","gb|AFK57679.1|ARO:3003438|Efac_EFTu_GE2A","1final_SemiBin_34.fa_PROKKA_07062024.faa.CARDbins.txt","1final_SemiBin_34.fa","CARD-ARGs","ARO:3003438",40022,5307,2108,"Enterococcus faecium EF-Tu mutants conferring resistance to GE2270A","Enterococcus faecium EF-Tu mutants conferring resistance to GE2270A","AFK57679.1","CP003583.1","elfamycin resistant EF-Tu","elfamycin antibiotic","antibiotic target alteration","Efac_EFTu_GE2A"
"31","JLMCBNDC_00668","gb|CAA67349.1|ARO:3003359|Scin_EFTu_ELF","1final_SemiBin_4.fa_PROKKA_07062024.faa.CARDbins.txt","1final_SemiBin_4.fa","CARD-ARGs","ARO:3003359",39943,3578,2310,"Streptomyces cinnamoneus EF-Tu mutants conferring resistance to elfamycin","Streptomyces cinnamoneus EF-Tu mutants conferring resistance to elfamycin","CAA67349.1","X98831.1","elfamycin resistant EF-Tu","elfamycin antibiotic","antibiotic target alteration","Scin_EFTu_ELF"
"32","HAIKAGEN_00650","gb|NP_215196.1|ARO:3003395|Mtub_rpsL_STR","1final_SemiBin_5.fa_PROKKA_07062024.faa.CARDbins.txt","1final_SemiBin_5.fa","CARD-ARGs","ARO:3003395",39979,8803,1197,"Mycobacterium tuberculosis rpsL mutations conferring resistance to Streptomycin","Mycobacterium tuberculosis rpsL mutations conferring resistance to Streptomycin","NP_215196.1","NC_000962.3","antibiotic-resistant rpsL","aminoglycoside antibiotic","antibiotic target alteration","Mtub_rpsL_STR"
"33","FFFFGNGJ_00005","gb|CCA59315.1|ARO:3007208|HelR","1final_SemiBin_7.fa_PROKKA_07062024.faa.CARDbins.txt","1final_SemiBin_7.fa","CARD-ARGs","ARO:3007208",45952,8511,5819,"HelR","HelR","CCA59315.1","FR845719.1","helicase-like RNA polymerase protection protein","rifamycin antibiotic","antibiotic target protection","HelR"
"34","KCFBDLCE_00312","gb|YP_177995.1|ARO:3004957|Mtub_clpC1_PZA","1final_SemiBin_9.fa_PROKKA_07062024.faa.CARDbins.txt","1final_SemiBin_9.fa","CARD-ARGs","ARO:3004957",43143,8823,3705,"Mycobacterium tuberculosis clpC1 with mutation conferring resistance to pyrazinamide","Mycobacterium tuberculosis clpC1 with mutation conferring resistance to pyrazinamide","YP_177995.1","NC_000962.3","pyrazinamide resistant clpC1","pyrazine antibiotic","antibiotic target alteration","Mtub_clpC1_PZA"
"35","CICPODHL_00705","gb|AFK57679.1|ARO:3003438|Efac_EFTu_GE2A","2final_SemiBin_10.fa_PROKKA_07062024.faa.CARDbins.txt","2final_SemiBin_10.fa","CARD-ARGs","ARO:3003438",40022,5307,2108,"Enterococcus faecium EF-Tu mutants conferring resistance to GE2270A","Enterococcus faecium EF-Tu mutants conferring resistance to GE2270A","AFK57679.1","CP003583.1","elfamycin resistant EF-Tu","elfamycin antibiotic","antibiotic target alteration","Efac_EFTu_GE2A"
"36","CICPODHL_02244","gb|NP_215196.1|ARO:3003395|Mtub_rpsL_STR","2final_SemiBin_10.fa_PROKKA_07062024.faa.CARDbins.txt","2final_SemiBin_10.fa","CARD-ARGs","ARO:3003395",39979,8803,1197,"Mycobacterium tuberculosis rpsL mutations conferring resistance to Streptomycin","Mycobacterium tuberculosis rpsL mutations conferring resistance to Streptomycin","NP_215196.1","NC_000962.3","antibiotic-resistant rpsL","aminoglycoside antibiotic","antibiotic target alteration","Mtub_rpsL_STR"
"37","CICPODHL_02544","gb|NP_215196.1|ARO:3003395|Mtub_rpsL_STR","2final_SemiBin_10.fa_PROKKA_07062024.faa.CARDbins.txt","2final_SemiBin_10.fa","CARD-ARGs","ARO:3003395",39979,8803,1197,"Mycobacterium tuberculosis rpsL mutations conferring resistance to Streptomycin","Mycobacterium tuberculosis rpsL mutations conferring resistance to Streptomycin","NP_215196.1","NC_000962.3","antibiotic-resistant rpsL","aminoglycoside antibiotic","antibiotic target alteration","Mtub_rpsL_STR"
"38","CHDFGALK_01960","gb|ADK17136.1|ARO:3004563|Cdif_rpoB_RIF","2final_SemiBin_14.fa_PROKKA_07062024.faa.CARDbins.txt","2final_SemiBin_14.fa","CARD-ARGs","ARO:3004563",42470,5315,3269,"Clostridioides difficile rpoB with mutation conferring resistance to rifampicin","Clostridioides difficile rpoB with mutation conferring resistance to rifampicin","ADK17136.1","CP001666.1","rifamycin-resistant beta-subunit of RNA polymerase (rpoB)","peptide antibiotic;rifamycin antibiotic","antibiotic target alteration;antibiotic target replacement","Cdif_rpoB_RIF"
"39","DECKANIF_00724","gb|NP_862226.1|ARO:3004639|Cstr_tetA","2final_SemiBin_15.fa_PROKKA_07062024.faa.CARDbins.txt","2final_SemiBin_15.fa","CARD-ARGs","ARO:3004639",42633,5448,3337,"Corynebacterium striatum tetA","Corynebacterium striatum tetA","NP_862226.1","NC_004939.1","major facilitator superfamily (MFS) antibiotic efflux pump","penicillin beta-lactam;tetracycline antibiotic","antibiotic efflux","Cstr_tetA"
"40","JIKPLIGA_00140","gb|AAB39605.1|ARO:3003361|Pros_EFTu_GE2A","2final_SemiBin_18.fa_PROKKA_07062024.faa.CARDbins.txt","2final_SemiBin_18.fa","CARD-ARGs","ARO:3003361",39945,3512,2257,"Planobispora rosea EF-Tu mutants conferring resistance to inhibitor GE2270A","Planobispora rosea EF-Tu mutants conferring resistance to inhibitor GE2270A","AAB39605.1","U67308.1","elfamycin resistant EF-Tu","elfamycin antibiotic","antibiotic target alteration","Pros_EFTu_GE2A"
"41","JIKPLIGA_00313","gb|YP_177995.1|ARO:3004957|Mtub_clpC1_PZA","2final_SemiBin_18.fa_PROKKA_07062024.faa.CARDbins.txt","2final_SemiBin_18.fa","CARD-ARGs","ARO:3004957",43143,8823,3705,"Mycobacterium tuberculosis clpC1 with mutation conferring resistance to pyrazinamide","Mycobacterium tuberculosis clpC1 with mutation conferring resistance to pyrazinamide","YP_177995.1","NC_000962.3","pyrazinamide resistant clpC1","pyrazine antibiotic","antibiotic target alteration","Mtub_clpC1_PZA"
"42","FFHJCDLG_02192","gb|AJP09758.1|ARO:3004681|Cdif_rpoC_VAN","2final_SemiBin_3.fa_PROKKA_07062024.faa.CARDbins.txt","2final_SemiBin_3.fa","CARD-ARGs","ARO:3004681",42730,5565,3380,"Clostridioides difficile rpoC with mutation conferring resistance to vancomycin","Clostridioides difficile rpoC with mutation conferring resistance to vancomycin","AJP09758.1","CP010905.2","vancomycin-resistant beta prime subunit of RNA polymerase (rpoC)","glycopeptide antibiotic","antibiotic target alteration","Cdif_rpoC_VAN"
"43","BONJHCOA_00693","gb|AAA50993.1|ARO:3003368|Ecol_EFTu_KIR","2final_SemiBin_34.fa_PROKKA_07062024.faa.CARDbins.txt","2final_SemiBin_34.fa","CARD-ARGs","ARO:3003368",39952,3531,2137,"Escherichia coli EF-Tu mutants conferring resistance to kirromycin","Escherichia coli EF-Tu mutants conferring resistance to kirromycin","AAA50993.1","AH002539.2","elfamycin resistant EF-Tu","elfamycin antibiotic","antibiotic target alteration","Ecol_EFTu_KIR"
"44","BONJHCOA_01950","gb|NP_215196.1|ARO:3003395|Mtub_rpsL_STR","2final_SemiBin_34.fa_PROKKA_07062024.faa.CARDbins.txt","2final_SemiBin_34.fa","CARD-ARGs","ARO:3003395",39979,8803,1197,"Mycobacterium tuberculosis rpsL mutations conferring resistance to Streptomycin","Mycobacterium tuberculosis rpsL mutations conferring resistance to Streptomycin","NP_215196.1","NC_000962.3","antibiotic-resistant rpsL","aminoglycoside antibiotic","antibiotic target alteration","Mtub_rpsL_STR"
"45","BONJHCOA_02203","gb|AFK57679.1|ARO:3003438|Efac_EFTu_GE2A","2final_SemiBin_34.fa_PROKKA_07062024.faa.CARDbins.txt","2final_SemiBin_34.fa","CARD-ARGs","ARO:3003438",40022,5307,2108,"Enterococcus faecium EF-Tu mutants conferring resistance to GE2270A","Enterococcus faecium EF-Tu mutants conferring resistance to GE2270A","AFK57679.1","CP003583.1","elfamycin resistant EF-Tu","elfamycin antibiotic","antibiotic target alteration","Efac_EFTu_GE2A"
"46","BONJHCOA_02204","gb|AAW90462.1|ARO:3003930|rpsJ","2final_SemiBin_34.fa_PROKKA_07062024.faa.CARDbins.txt","2final_SemiBin_34.fa","CARD-ARGs","ARO:3003930",40640,5267,2406,"rpsJ","rpsJ","AAW90462.1","AE004969.1","tetracycline-resistant ribosomal protection protein","tetracycline antibiotic","antibiotic target protection","rpsJ"
"47","GIFBHLCI_02163","gb|NP_216424.1|ARO:3003392|Mtub_katG_INH","2final_SemiBin_4.fa_PROKKA_07062024.faa.CARDbins.txt","2final_SemiBin_4.fa","CARD-ARGs","ARO:3003392",39976,8833,1176,"Mycobacterium tuberculosis katG mutations conferring resistance to isoniazid","Mycobacterium tuberculosis katG mutations conferring resistance to isoniazid","NP_216424.1","NC_000962.3","isoniazid resistant katG","isoniazid-like antibiotic","antibiotic target alteration","Mtub_katG_INH"
"48","GIFBHLCI_03948","gb|AFJ38137.1|ARO:3007370|FosI","2final_SemiBin_4.fa_PROKKA_07062024.faa.CARDbins.txt","2final_SemiBin_4.fa","CARD-ARGs","ARO:3007370",46117,8592,5898,"FosI","FosI","AFJ38137.1","CP003505.2","fosfomycin thiol transferase","phosphonic acid antibiotic","antibiotic inactivation","FosI"
"49","OBHNELJM_00927","gb|AFK57679.1|ARO:3003438|Efac_EFTu_GE2A","2final_SemiBin_5.fa_PROKKA_07062024.faa.CARDbins.txt","2final_SemiBin_5.fa","CARD-ARGs","ARO:3003438",40022,5307,2108,"Enterococcus faecium EF-Tu mutants conferring resistance to GE2270A","Enterococcus faecium EF-Tu mutants conferring resistance to GE2270A","AFK57679.1","CP003583.1","elfamycin resistant EF-Tu","elfamycin antibiotic","antibiotic target alteration","Efac_EFTu_GE2A"
"50","CGMAKNMN_00996","gb|YP_177995.1|ARO:3004957|Mtub_clpC1_PZA","2final_SemiBin_6.fa_PROKKA_07062024.faa.CARDbins.txt","2final_SemiBin_6.fa","CARD-ARGs","ARO:3004957",43143,8823,3705,"Mycobacterium tuberculosis clpC1 with mutation conferring resistance to pyrazinamide","Mycobacterium tuberculosis clpC1 with mutation conferring resistance to pyrazinamide","YP_177995.1","NC_000962.3","pyrazinamide resistant clpC1","pyrazine antibiotic","antibiotic target alteration","Mtub_clpC1_PZA"
"51","CGMAKNMN_02487","gb|AAA50993.1|ARO:3003368|Ecol_EFTu_KIR","2final_SemiBin_6.fa_PROKKA_07062024.faa.CARDbins.txt","2final_SemiBin_6.fa","CARD-ARGs","ARO:3003368",39952,3531,2137,"Escherichia coli EF-Tu mutants conferring resistance to kirromycin","Escherichia coli EF-Tu mutants conferring resistance to kirromycin","AAA50993.1","AH002539.2","elfamycin resistant EF-Tu","elfamycin antibiotic","antibiotic target alteration","Ecol_EFTu_KIR"
"52","CGMAKNMN_02490","gb|NP_215196.1|ARO:3003395|Mtub_rpsL_STR","2final_SemiBin_6.fa_PROKKA_07062024.faa.CARDbins.txt","2final_SemiBin_6.fa","CARD-ARGs","ARO:3003395",39979,8803,1197,"Mycobacterium tuberculosis rpsL mutations conferring resistance to Streptomycin","Mycobacterium tuberculosis rpsL mutations conferring resistance to Streptomycin","NP_215196.1","NC_000962.3","antibiotic-resistant rpsL","aminoglycoside antibiotic","antibiotic target alteration","Mtub_rpsL_STR"
"53","GBAOPJGB_01853","gb|AAB39605.1|ARO:3003361|Pros_EFTu_GE2A","2final_SemiBin_8.fa_PROKKA_07062024.faa.CARDbins.txt","2final_SemiBin_8.fa","CARD-ARGs","ARO:3003361",39945,3512,2257,"Planobispora rosea EF-Tu mutants conferring resistance to inhibitor GE2270A","Planobispora rosea EF-Tu mutants conferring resistance to inhibitor GE2270A","AAB39605.1","U67308.1","elfamycin resistant EF-Tu","elfamycin antibiotic","antibiotic target alteration","Pros_EFTu_GE2A"
"54","GBAOPJGB_02889","gb|AAA50993.1|ARO:3003368|Ecol_EFTu_KIR","2final_SemiBin_8.fa_PROKKA_07062024.faa.CARDbins.txt","2final_SemiBin_8.fa","CARD-ARGs","ARO:3003368",39952,3531,2137,"Escherichia coli EF-Tu mutants conferring resistance to kirromycin","Escherichia coli EF-Tu mutants conferring resistance to kirromycin","AAA50993.1","AH002539.2","elfamycin resistant EF-Tu","elfamycin antibiotic","antibiotic target alteration","Ecol_EFTu_KIR"
"55","FEBCAICG_00839","gb|ADK17136.1|ARO:3004563|Cdif_rpoB_RIF","2final_SemiBin_9.fa_PROKKA_07062024.faa.CARDbins.txt","2final_SemiBin_9.fa","CARD-ARGs","ARO:3004563",42470,5315,3269,"Clostridioides difficile rpoB with mutation conferring resistance to rifampicin","Clostridioides difficile rpoB with mutation conferring resistance to rifampicin","ADK17136.1","CP001666.1","rifamycin-resistant beta-subunit of RNA polymerase (rpoB)","peptide antibiotic;rifamycin antibiotic","antibiotic target alteration;antibiotic target replacement","Cdif_rpoB_RIF"
"56","FEBCAICG_00979","gb|AFK57679.1|ARO:3003438|Efac_EFTu_GE2A","2final_SemiBin_9.fa_PROKKA_07062024.faa.CARDbins.txt","2final_SemiBin_9.fa","CARD-ARGs","ARO:3003438",40022,5307,2108,"Enterococcus faecium EF-Tu mutants conferring resistance to GE2270A","Enterococcus faecium EF-Tu mutants conferring resistance to GE2270A","AFK57679.1","CP003583.1","elfamycin resistant EF-Tu","elfamycin antibiotic","antibiotic target alteration","Efac_EFTu_GE2A"
"57","PDCKCNLI_04016","gb|NP_215196.1|ARO:3003395|Mtub_rpsL_STR","3final_SemiBin_12.fa_PROKKA_07062024.faa.CARDbins.txt","3final_SemiBin_12.fa","CARD-ARGs","ARO:3003395",39979,8803,1197,"Mycobacterium tuberculosis rpsL mutations conferring resistance to Streptomycin","Mycobacterium tuberculosis rpsL mutations conferring resistance to Streptomycin","NP_215196.1","NC_000962.3","antibiotic-resistant rpsL","aminoglycoside antibiotic","antibiotic target alteration","Mtub_rpsL_STR"
"58","BPHEMJLL_03438","gb|AFK57679.1|ARO:3003438|Efac_EFTu_GE2A","3final_SemiBin_16.fa_PROKKA_07062024.faa.CARDbins.txt","3final_SemiBin_16.fa","CARD-ARGs","ARO:3003438",40022,5307,2108,"Enterococcus faecium EF-Tu mutants conferring resistance to GE2270A","Enterococcus faecium EF-Tu mutants conferring resistance to GE2270A","AFK57679.1","CP003583.1","elfamycin resistant EF-Tu","elfamycin antibiotic","antibiotic target alteration","Efac_EFTu_GE2A"
"59","BPHEMJLL_04116","gb|NP_215196.1|ARO:3003395|Mtub_rpsL_STR","3final_SemiBin_16.fa_PROKKA_07062024.faa.CARDbins.txt","3final_SemiBin_16.fa","CARD-ARGs","ARO:3003395",39979,8803,1197,"Mycobacterium tuberculosis rpsL mutations conferring resistance to Streptomycin","Mycobacterium tuberculosis rpsL mutations conferring resistance to Streptomycin","NP_215196.1","NC_000962.3","antibiotic-resistant rpsL","aminoglycoside antibiotic","antibiotic target alteration","Mtub_rpsL_STR"
"60","HHOINFGF_01138","gb|NP_215196.1|ARO:3003395|Mtub_rpsL_STR","3final_SemiBin_2.fa_PROKKA_07062024.faa.CARDbins.txt","3final_SemiBin_2.fa","CARD-ARGs","ARO:3003395",39979,8803,1197,"Mycobacterium tuberculosis rpsL mutations conferring resistance to Streptomycin","Mycobacterium tuberculosis rpsL mutations conferring resistance to Streptomycin","NP_215196.1","NC_000962.3","antibiotic-resistant rpsL","aminoglycoside antibiotic","antibiotic target alteration","Mtub_rpsL_STR"
"61","HHOINFGF_01141","gb|AAA50993.1|ARO:3003368|Ecol_EFTu_KIR","3final_SemiBin_2.fa_PROKKA_07062024.faa.CARDbins.txt","3final_SemiBin_2.fa","CARD-ARGs","ARO:3003368",39952,3531,2137,"Escherichia coli EF-Tu mutants conferring resistance to kirromycin","Escherichia coli EF-Tu mutants conferring resistance to kirromycin","AAA50993.1","AH002539.2","elfamycin resistant EF-Tu","elfamycin antibiotic","antibiotic target alteration","Ecol_EFTu_KIR"
"62","HHOINFGF_01356","gb|NP_215821.1|ARO:3007854|Mtub_atpE_BDQ","3final_SemiBin_2.fa_PROKKA_07062024.faa.CARDbins.txt","3final_SemiBin_2.fa","CARD-ARGs","ARO:3007854",46644,8894,6071,"Mycobacterium tuberculosis atpE with mutation conferring resistance to bedaquiline","Mycobacterium tuberculosis atpE with mutation conferring resistance to bedaquiline","NP_215821.1","NC_000962.3","antibiotic resistant ATP synthase","diarylquinoline antibiotic","antibiotic target alteration","Mtub_atpE_BDQ"
"63","HHOINFGF_01465","gb|CAG39033.1|ARO:3003301|Saur_gyrB_AMU","3final_SemiBin_2.fa_PROKKA_07062024.faa.CARDbins.txt","3final_SemiBin_2.fa","CARD-ARGs","ARO:3003301",39885,5405,1822,"Staphylococcus aureus gyrB conferring resistance to aminocoumarin","Staphylococcus aureus gyrB conferring resistance to aminocoumarin","CAG39033.1","BX571856.1","aminocoumarin resistant gyrB","aminocoumarin antibiotic","antibiotic target alteration","Saur_gyrB_AMU"
"64","HEHNKIII_01503","gb|ADK17136.1|ARO:3004563|Cdif_rpoB_RIF","3final_SemiBin_22.fa_PROKKA_07062024.faa.CARDbins.txt","3final_SemiBin_22.fa","CARD-ARGs","ARO:3004563",42470,5315,3269,"Clostridioides difficile rpoB with mutation conferring resistance to rifampicin","Clostridioides difficile rpoB with mutation conferring resistance to rifampicin","ADK17136.1","CP001666.1","rifamycin-resistant beta-subunit of RNA polymerase (rpoB)","peptide antibiotic;rifamycin antibiotic","antibiotic target alteration;antibiotic target replacement","Cdif_rpoB_RIF"
"65","HEHNKIII_01633","gb|AAA50993.1|ARO:3003368|Ecol_EFTu_KIR","3final_SemiBin_22.fa_PROKKA_07062024.faa.CARDbins.txt","3final_SemiBin_22.fa","CARD-ARGs","ARO:3003368",39952,3531,2137,"Escherichia coli EF-Tu mutants conferring resistance to kirromycin","Escherichia coli EF-Tu mutants conferring resistance to kirromycin","AAA50993.1","AH002539.2","elfamycin resistant EF-Tu","elfamycin antibiotic","antibiotic target alteration","Ecol_EFTu_KIR"
"66","DMLPBLIN_02077","gb|AAA50993.1|ARO:3003368|Ecol_EFTu_KIR","3final_SemiBin_24.fa_PROKKA_07062024.faa.CARDbins.txt","3final_SemiBin_24.fa","CARD-ARGs","ARO:3003368",39952,3531,2137,"Escherichia coli EF-Tu mutants conferring resistance to kirromycin","Escherichia coli EF-Tu mutants conferring resistance to kirromycin","AAA50993.1","AH002539.2","elfamycin resistant EF-Tu","elfamycin antibiotic","antibiotic target alteration","Ecol_EFTu_KIR"
"68","DMLPBLIN_03358","gb|AHA41505.1|ARO:3002930|vanR_in_vanO_cl","3final_SemiBin_24.fa_PROKKA_07062024.faa.CARDbins.txt","3final_SemiBin_24.fa","CARD-ARGs","ARO:3002930",39364,4685,1689,"vanR gene in vanO cluster","vanR gene in vanO cluster","AHA41505.1","KF478993.1","glycopeptide resistance gene cluster;vanR","glycopeptide antibiotic","antibiotic target alteration","vanR_in_vanO_cl"
"69","OGMKCNIB_00464","gb|AAC75137.1|ARO:3000794|mdtC","3final_SemiBin_26.fa_PROKKA_07062024.faa.CARDbins.txt","3final_SemiBin_26.fa","CARD-ARGs","ARO:3000794",37174,257,1315,"mdtC","mdtC","AAC75137.1","U00096.1","resistance-nodulation-cell division (RND) antibiotic efflux pump","aminocoumarin antibiotic","antibiotic efflux","mdtC"
"70","FLNGDGCL_00095","gb|NP_215196.1|ARO:3003395|Mtub_rpsL_STR","3final_SemiBin_28.fa_PROKKA_07062024.faa.CARDbins.txt","3final_SemiBin_28.fa","CARD-ARGs","ARO:3003395",39979,8803,1197,"Mycobacterium tuberculosis rpsL mutations conferring resistance to Streptomycin","Mycobacterium tuberculosis rpsL mutations conferring resistance to Streptomycin","NP_215196.1","NC_000962.3","antibiotic-resistant rpsL","aminoglycoside antibiotic","antibiotic target alteration","Mtub_rpsL_STR"
"71","FLNGDGCL_00111","gb|AHA41501.1|ARO:3002954|vanX_in_vanO_cl","3final_SemiBin_28.fa_PROKKA_07062024.faa.CARDbins.txt","3final_SemiBin_28.fa","CARD-ARGs","ARO:3002954",39388,23,1699,"vanX gene in vanO cluster","vanX gene in vanO cluster","AHA41501.1","KF478993.1","glycopeptide resistance gene cluster;vanX","glycopeptide antibiotic","antibiotic target alteration","vanX_in_vanO_cl"
"72","FLNGDGCL_00661","gb|AHA41504.1|ARO:3002941|vanS_in_vanO_cl","3final_SemiBin_28.fa_PROKKA_07062024.faa.CARDbins.txt","3final_SemiBin_28.fa","CARD-ARGs","ARO:3002941",39375,4550,465,"vanS gene in vanO cluster","vanS gene in vanO cluster","AHA41504.1","KF478993.1","glycopeptide resistance gene cluster;vanS","glycopeptide antibiotic","antibiotic target alteration","vanS_in_vanO_cl"
"73","IHCCBFCG_01701","gb|AFJ38137.1|ARO:3007370|FosI","3final_SemiBin_3.fa_PROKKA_07062024.faa.CARDbins.txt","3final_SemiBin_3.fa","CARD-ARGs","ARO:3007370",46117,8592,5898,"FosI","FosI","AFJ38137.1","CP003505.2","fosfomycin thiol transferase","phosphonic acid antibiotic","antibiotic inactivation","FosI"
"74","IHCCBFCG_02092","gb|AHA41504.1|ARO:3002941|vanS_in_vanO_cl","3final_SemiBin_3.fa_PROKKA_07062024.faa.CARDbins.txt","3final_SemiBin_3.fa","CARD-ARGs","ARO:3002941",39375,4550,465,"vanS gene in vanO cluster","vanS gene in vanO cluster","AHA41504.1","KF478993.1","glycopeptide resistance gene cluster;vanS","glycopeptide antibiotic","antibiotic target alteration","vanS_in_vanO_cl"
"75","IHCCBFCG_02559","gb|NP_215196.1|ARO:3003395|Mtub_rpsL_STR","3final_SemiBin_3.fa_PROKKA_07062024.faa.CARDbins.txt","3final_SemiBin_3.fa","CARD-ARGs","ARO:3003395",39979,8803,1197,"Mycobacterium tuberculosis rpsL mutations conferring resistance to Streptomycin","Mycobacterium tuberculosis rpsL mutations conferring resistance to Streptomycin","NP_215196.1","NC_000962.3","antibiotic-resistant rpsL","aminoglycoside antibiotic","antibiotic target alteration","Mtub_rpsL_STR"
"76","OPAIGMEK_01047","gb|NP_215196.1|ARO:3003395|Mtub_rpsL_STR","3final_SemiBin_32.fa_PROKKA_07062024.faa.CARDbins.txt","3final_SemiBin_32.fa","CARD-ARGs","ARO:3003395",39979,8803,1197,"Mycobacterium tuberculosis rpsL mutations conferring resistance to Streptomycin","Mycobacterium tuberculosis rpsL mutations conferring resistance to Streptomycin","NP_215196.1","NC_000962.3","antibiotic-resistant rpsL","aminoglycoside antibiotic","antibiotic target alteration","Mtub_rpsL_STR"
"77","OPAIGMEK_01050","gb|AAA50993.1|ARO:3003368|Ecol_EFTu_KIR","3final_SemiBin_32.fa_PROKKA_07062024.faa.CARDbins.txt","3final_SemiBin_32.fa","CARD-ARGs","ARO:3003368",39952,3531,2137,"Escherichia coli EF-Tu mutants conferring resistance to kirromycin","Escherichia coli EF-Tu mutants conferring resistance to kirromycin","AAA50993.1","AH002539.2","elfamycin resistant EF-Tu","elfamycin antibiotic","antibiotic target alteration","Ecol_EFTu_KIR"
"78","OPAIGMEK_01244","gb|NP_215821.1|ARO:3007854|Mtub_atpE_BDQ","3final_SemiBin_32.fa_PROKKA_07062024.faa.CARDbins.txt","3final_SemiBin_32.fa","CARD-ARGs","ARO:3007854",46644,8894,6071,"Mycobacterium tuberculosis atpE with mutation conferring resistance to bedaquiline","Mycobacterium tuberculosis atpE with mutation conferring resistance to bedaquiline","NP_215821.1","NC_000962.3","antibiotic resistant ATP synthase","diarylquinoline antibiotic","antibiotic target alteration","Mtub_atpE_BDQ"
"79","PBICJEAM_01772","gb|NP_215196.1|ARO:3003395|Mtub_rpsL_STR","3final_SemiBin_34.fa_PROKKA_07062024.faa.CARDbins.txt","3final_SemiBin_34.fa","CARD-ARGs","ARO:3003395",39979,8803,1197,"Mycobacterium tuberculosis rpsL mutations conferring resistance to Streptomycin","Mycobacterium tuberculosis rpsL mutations conferring resistance to Streptomycin","NP_215196.1","NC_000962.3","antibiotic-resistant rpsL","aminoglycoside antibiotic","antibiotic target alteration","Mtub_rpsL_STR"
"80","PBICJEAM_02678","gb|APB03222.1|ARO:3003992|rphB","3final_SemiBin_34.fa_PROKKA_07062024.faa.CARDbins.txt","3final_SemiBin_34.fa","CARD-ARGs","ARO:3003992",40874,3864,2528,"rphB","rphB","APB03222.1","KX531052.1","rifampin phosphotransferase","rifamycin antibiotic","antibiotic inactivation","rphB"
"81","KLCFCCKH_00494","gb|NP_215196.1|ARO:3003395|Mtub_rpsL_STR","3final_SemiBin_35.fa_PROKKA_07062024.faa.CARDbins.txt","3final_SemiBin_35.fa","CARD-ARGs","ARO:3003395",39979,8803,1197,"Mycobacterium tuberculosis rpsL mutations conferring resistance to Streptomycin","Mycobacterium tuberculosis rpsL mutations conferring resistance to Streptomycin","NP_215196.1","NC_000962.3","antibiotic-resistant rpsL","aminoglycoside antibiotic","antibiotic target alteration","Mtub_rpsL_STR"
"82","JDAIELGM_00982","gb|ABC24999.1|ARO:3007476|Mabs_atpE_BDQ","3final_SemiBin_36.fa_PROKKA_07062024.faa.CARDbins.txt","3final_SemiBin_36.fa","CARD-ARGs","ARO:3007476",46243,8682,5960,"Mycobacterium abscessus atpE with mutation conferring resistance to bedaquiline","Mycobacterium abscessus atpE with mutation conferring resistance to bedaquiline","ABC24999.1","DQ306899.1","antibiotic resistant ATP synthase","diarylquinoline antibiotic","antibiotic target alteration","Mabs_atpE_BDQ"
"83","BPJCJHFO_00299","gb|NP_215196.1|ARO:3003395|Mtub_rpsL_STR","3final_SemiBin_37.fa_PROKKA_07062024.faa.CARDbins.txt","3final_SemiBin_37.fa","CARD-ARGs","ARO:3003395",39979,8803,1197,"Mycobacterium tuberculosis rpsL mutations conferring resistance to Streptomycin","Mycobacterium tuberculosis rpsL mutations conferring resistance to Streptomycin","NP_215196.1","NC_000962.3","antibiotic-resistant rpsL","aminoglycoside antibiotic","antibiotic target alteration","Mtub_rpsL_STR"
"84","BPJCJHFO_01224","gb|AFK57679.1|ARO:3003438|Efac_EFTu_GE2A","3final_SemiBin_37.fa_PROKKA_07062024.faa.CARDbins.txt","3final_SemiBin_37.fa","CARD-ARGs","ARO:3003438",40022,5307,2108,"Enterococcus faecium EF-Tu mutants conferring resistance to GE2270A","Enterococcus faecium EF-Tu mutants conferring resistance to GE2270A","AFK57679.1","CP003583.1","elfamycin resistant EF-Tu","elfamycin antibiotic","antibiotic target alteration","Efac_EFTu_GE2A"
"85","AFNIILIM_02296","gb|AAB39605.1|ARO:3003361|Pros_EFTu_GE2A","3final_SemiBin_38.fa_PROKKA_07062024.faa.CARDbins.txt","3final_SemiBin_38.fa","CARD-ARGs","ARO:3003361",39945,3512,2257,"Planobispora rosea EF-Tu mutants conferring resistance to inhibitor GE2270A","Planobispora rosea EF-Tu mutants conferring resistance to inhibitor GE2270A","AAB39605.1","U67308.1","elfamycin resistant EF-Tu","elfamycin antibiotic","antibiotic target alteration","Pros_EFTu_GE2A"
"86","AFNIILIM_03737","gb|AHA41505.1|ARO:3002930|vanR_in_vanO_cl","3final_SemiBin_38.fa_PROKKA_07062024.faa.CARDbins.txt","3final_SemiBin_38.fa","CARD-ARGs","ARO:3002930",39364,4685,1689,"vanR gene in vanO cluster","vanR gene in vanO cluster","AHA41505.1","KF478993.1","glycopeptide resistance gene cluster;vanR","glycopeptide antibiotic","antibiotic target alteration","vanR_in_vanO_cl"
"87","AFNIILIM_03751","gb|AFK57679.1|ARO:3003438|Efac_EFTu_GE2A","3final_SemiBin_38.fa_PROKKA_07062024.faa.CARDbins.txt","3final_SemiBin_38.fa","CARD-ARGs","ARO:3003438",40022,5307,2108,"Enterococcus faecium EF-Tu mutants conferring resistance to GE2270A","Enterococcus faecium EF-Tu mutants conferring resistance to GE2270A","AFK57679.1","CP003583.1","elfamycin resistant EF-Tu","elfamycin antibiotic","antibiotic target alteration","Efac_EFTu_GE2A"
"88","CKKAFDOM_00609","gb|AAB39605.1|ARO:3003361|Pros_EFTu_GE2A","3final_SemiBin_39.fa_PROKKA_07062024.faa.CARDbins.txt","3final_SemiBin_39.fa","CARD-ARGs","ARO:3003361",39945,3512,2257,"Planobispora rosea EF-Tu mutants conferring resistance to inhibitor GE2270A","Planobispora rosea EF-Tu mutants conferring resistance to inhibitor GE2270A","AAB39605.1","U67308.1","elfamycin resistant EF-Tu","elfamycin antibiotic","antibiotic target alteration","Pros_EFTu_GE2A"
"89","CKKAFDOM_00765","gb|AAB39605.1|ARO:3003361|Pros_EFTu_GE2A","3final_SemiBin_39.fa_PROKKA_07062024.faa.CARDbins.txt","3final_SemiBin_39.fa","CARD-ARGs","ARO:3003361",39945,3512,2257,"Planobispora rosea EF-Tu mutants conferring resistance to inhibitor GE2270A","Planobispora rosea EF-Tu mutants conferring resistance to inhibitor GE2270A","AAB39605.1","U67308.1","elfamycin resistant EF-Tu","elfamycin antibiotic","antibiotic target alteration","Pros_EFTu_GE2A"
"90","LIAMHLOE_03777","gb|AHA41505.1|ARO:3002930|vanR_in_vanO_cl","3final_SemiBin_41.fa_PROKKA_07062024.faa.CARDbins.txt","3final_SemiBin_41.fa","CARD-ARGs","ARO:3002930",39364,4685,1689,"vanR gene in vanO cluster","vanR gene in vanO cluster","AHA41505.1","KF478993.1","glycopeptide resistance gene cluster;vanR","glycopeptide antibiotic","antibiotic target alteration","vanR_in_vanO_cl"
"91","LIAMHLOE_04557","gb|AAB39605.1|ARO:3003361|Pros_EFTu_GE2A","3final_SemiBin_41.fa_PROKKA_07062024.faa.CARDbins.txt","3final_SemiBin_41.fa","CARD-ARGs","ARO:3003361",39945,3512,2257,"Planobispora rosea EF-Tu mutants conferring resistance to inhibitor GE2270A","Planobispora rosea EF-Tu mutants conferring resistance to inhibitor GE2270A","AAB39605.1","U67308.1","elfamycin resistant EF-Tu","elfamycin antibiotic","antibiotic target alteration","Pros_EFTu_GE2A"
"92","LIAMHLOE_04881","gb|AAB39605.1|ARO:3003361|Pros_EFTu_GE2A","3final_SemiBin_41.fa_PROKKA_07062024.faa.CARDbins.txt","3final_SemiBin_41.fa","CARD-ARGs","ARO:3003361",39945,3512,2257,"Planobispora rosea EF-Tu mutants conferring resistance to inhibitor GE2270A","Planobispora rosea EF-Tu mutants conferring resistance to inhibitor GE2270A","AAB39605.1","U67308.1","elfamycin resistant EF-Tu","elfamycin antibiotic","antibiotic target alteration","Pros_EFTu_GE2A"
"93","IMDPJANJ_02118","gb|AFK57679.1|ARO:3003438|Efac_EFTu_GE2A","3final_SemiBin_52.fa_PROKKA_07062024.faa.CARDbins.txt","3final_SemiBin_52.fa","CARD-ARGs","ARO:3003438",40022,5307,2108,"Enterococcus faecium EF-Tu mutants conferring resistance to GE2270A","Enterococcus faecium EF-Tu mutants conferring resistance to GE2270A","AFK57679.1","CP003583.1","elfamycin resistant EF-Tu","elfamycin antibiotic","antibiotic target alteration","Efac_EFTu_GE2A"
"94","HGHKOPJM_00751","gb|AFK57679.1|ARO:3003438|Efac_EFTu_GE2A","3final_SemiBin_6.fa_PROKKA_07062024.faa.CARDbins.txt","3final_SemiBin_6.fa","CARD-ARGs","ARO:3003438",40022,5307,2108,"Enterococcus faecium EF-Tu mutants conferring resistance to GE2270A","Enterococcus faecium EF-Tu mutants conferring resistance to GE2270A","AFK57679.1","CP003583.1","elfamycin resistant EF-Tu","elfamycin antibiotic","antibiotic target alteration","Efac_EFTu_GE2A"
"95","GDFOEMGC_03229","gb|AAA50993.1|ARO:3003368|Ecol_EFTu_KIR","3final_SemiBin_61.fa_PROKKA_07062024.faa.CARDbins.txt","3final_SemiBin_61.fa","CARD-ARGs","ARO:3003368",39952,3531,2137,"Escherichia coli EF-Tu mutants conferring resistance to kirromycin","Escherichia coli EF-Tu mutants conferring resistance to kirromycin","AAA50993.1","AH002539.2","elfamycin resistant EF-Tu","elfamycin antibiotic","antibiotic target alteration","Ecol_EFTu_KIR"
"96","GDFOEMGC_04977","gb|NP_215196.1|ARO:3003395|Mtub_rpsL_STR","3final_SemiBin_61.fa_PROKKA_07062024.faa.CARDbins.txt","3final_SemiBin_61.fa","CARD-ARGs","ARO:3003395",39979,8803,1197,"Mycobacterium tuberculosis rpsL mutations conferring resistance to Streptomycin","Mycobacterium tuberculosis rpsL mutations conferring resistance to Streptomycin","NP_215196.1","NC_000962.3","antibiotic-resistant rpsL","aminoglycoside antibiotic","antibiotic target alteration","Mtub_rpsL_STR"
"97","MFKNKFNJ_01177","gb|NP_215196.1|ARO:3003395|Mtub_rpsL_STR","3final_SemiBin_65.fa_PROKKA_07062024.faa.CARDbins.txt","3final_SemiBin_65.fa","CARD-ARGs","ARO:3003395",39979,8803,1197,"Mycobacterium tuberculosis rpsL mutations conferring resistance to Streptomycin","Mycobacterium tuberculosis rpsL mutations conferring resistance to Streptomycin","NP_215196.1","NC_000962.3","antibiotic-resistant rpsL","aminoglycoside antibiotic","antibiotic target alteration","Mtub_rpsL_STR"
"98","MFKNKFNJ_01783","gb|AAA50993.1|ARO:3003368|Ecol_EFTu_KIR","3final_SemiBin_65.fa_PROKKA_07062024.faa.CARDbins.txt","3final_SemiBin_65.fa","CARD-ARGs","ARO:3003368",39952,3531,2137,"Escherichia coli EF-Tu mutants conferring resistance to kirromycin","Escherichia coli EF-Tu mutants conferring resistance to kirromycin","AAA50993.1","AH002539.2","elfamycin resistant EF-Tu","elfamycin antibiotic","antibiotic target alteration","Ecol_EFTu_KIR"
"99","MFKNKFNJ_02100","gb|AHA41505.1|ARO:3002930|vanR_in_vanO_cl","3final_SemiBin_65.fa_PROKKA_07062024.faa.CARDbins.txt","3final_SemiBin_65.fa","CARD-ARGs","ARO:3002930",39364,4685,1689,"vanR gene in vanO cluster","vanR gene in vanO cluster","AHA41505.1","KF478993.1","glycopeptide resistance gene cluster;vanR","glycopeptide antibiotic","antibiotic target alteration","vanR_in_vanO_cl"
"100","DEAGPMAB_00133","gb|AFK57679.1|ARO:3003438|Efac_EFTu_GE2A","3final_SemiBin_67.fa_PROKKA_07062024.faa.CARDbins.txt","3final_SemiBin_67.fa","CARD-ARGs","ARO:3003438",40022,5307,2108,"Enterococcus faecium EF-Tu mutants conferring resistance to GE2270A","Enterococcus faecium EF-Tu mutants conferring resistance to GE2270A","AFK57679.1","CP003583.1","elfamycin resistant EF-Tu","elfamycin antibiotic","antibiotic target alteration","Efac_EFTu_GE2A"
"101","PJEEEHGM_00445","gb|KTE89608.1|ARO:3003723|vanI","3final_SemiBin_74.fa_PROKKA_07062024.faa.CARDbins.txt","3final_SemiBin_74.fa","CARD-ARGs","ARO:3003723",40377,4649,2241,"vanI","vanI","KTE89608.1","LOCK01000072.1","Van ligase;glycopeptide resistance gene cluster","glycopeptide antibiotic","antibiotic target alteration","vanI"
"102","PJEEEHGM_00446","gb|ACL19707.1|ARO:3003725|vanX_in_vanI_cl","3final_SemiBin_74.fa_PROKKA_07062024.faa.CARDbins.txt","3final_SemiBin_74.fa","CARD-ARGs","ARO:3003725",40381,5507,2243,"vanX gene in vanI cluster","vanX gene in vanI cluster","ACL19707.1","CP001336.1","glycopeptide resistance gene cluster;vanX","glycopeptide antibiotic","antibiotic target alteration","vanX_in_vanI_cl"
"103","PJEEEHGM_01782","gb|AIA08936.1|ARO:3000444|rphA","3final_SemiBin_74.fa_PROKKA_07062024.faa.CARDbins.txt","3final_SemiBin_74.fa","CARD-ARGs","ARO:3000444",36583,7,910,"rphA","rphA","AIA08936.1","KJ151292.1","rifampin phosphotransferase","rifamycin antibiotic","antibiotic inactivation","rphA"
"104","GKGDMPNC_00096","gb|AAA50993.1|ARO:3003368|Ecol_EFTu_KIR","3final_SemiBin_78.fa_PROKKA_07062024.faa.CARDbins.txt","3final_SemiBin_78.fa","CARD-ARGs","ARO:3003368",39952,3531,2137,"Escherichia coli EF-Tu mutants conferring resistance to kirromycin","Escherichia coli EF-Tu mutants conferring resistance to kirromycin","AAA50993.1","AH002539.2","elfamycin resistant EF-Tu","elfamycin antibiotic","antibiotic target alteration","Ecol_EFTu_KIR"
"105","GKGDMPNC_00442","gb|NP_215196.1|ARO:3003395|Mtub_rpsL_STR","3final_SemiBin_78.fa_PROKKA_07062024.faa.CARDbins.txt","3final_SemiBin_78.fa","CARD-ARGs","ARO:3003395",39979,8803,1197,"Mycobacterium tuberculosis rpsL mutations conferring resistance to Streptomycin","Mycobacterium tuberculosis rpsL mutations conferring resistance to Streptomycin","NP_215196.1","NC_000962.3","antibiotic-resistant rpsL","aminoglycoside antibiotic","antibiotic target alteration","Mtub_rpsL_STR"
"106","GKGDMPNC_00580","gb|YP_177995.1|ARO:3004957|Mtub_clpC1_PZA","3final_SemiBin_78.fa_PROKKA_07062024.faa.CARDbins.txt","3final_SemiBin_78.fa","CARD-ARGs","ARO:3004957",43143,8823,3705,"Mycobacterium tuberculosis clpC1 with mutation conferring resistance to pyrazinamide","Mycobacterium tuberculosis clpC1 with mutation conferring resistance to pyrazinamide","YP_177995.1","NC_000962.3","pyrazinamide resistant clpC1","pyrazine antibiotic","antibiotic target alteration","Mtub_clpC1_PZA"
"107","CGKKJGDN_00100","gb|NP_215196.1|ARO:3003395|Mtub_rpsL_STR","3final_SemiBin_81.fa_PROKKA_07062024.faa.CARDbins.txt","3final_SemiBin_81.fa","CARD-ARGs","ARO:3003395",39979,8803,1197,"Mycobacterium tuberculosis rpsL mutations conferring resistance to Streptomycin","Mycobacterium tuberculosis rpsL mutations conferring resistance to Streptomycin","NP_215196.1","NC_000962.3","antibiotic-resistant rpsL","aminoglycoside antibiotic","antibiotic target alteration","Mtub_rpsL_STR"
"108","OJKPGKLG_01874","gb|NP_215196.1|ARO:3003395|Mtub_rpsL_STR","3final_SemiBin_9.fa_PROKKA_07062024.faa.CARDbins.txt","3final_SemiBin_9.fa","CARD-ARGs","ARO:3003395",39979,8803,1197,"Mycobacterium tuberculosis rpsL mutations conferring resistance to Streptomycin","Mycobacterium tuberculosis rpsL mutations conferring resistance to Streptomycin","NP_215196.1","NC_000962.3","antibiotic-resistant rpsL","aminoglycoside antibiotic","antibiotic target alteration","Mtub_rpsL_STR"
"109","OJKPGKLG_01877","gb|AAA50993.1|ARO:3003368|Ecol_EFTu_KIR","3final_SemiBin_9.fa_PROKKA_07062024.faa.CARDbins.txt","3final_SemiBin_9.fa","CARD-ARGs","ARO:3003368",39952,3531,2137,"Escherichia coli EF-Tu mutants conferring resistance to kirromycin","Escherichia coli EF-Tu mutants conferring resistance to kirromycin","AAA50993.1","AH002539.2","elfamycin resistant EF-Tu","elfamycin antibiotic","antibiotic target alteration","Ecol_EFTu_KIR"
"110","IPIHHDOK_01152","gb|NP_217974.1|ARO:3004999|Mtub_rpoA_RIF","4final_SemiBin_13.fa_PROKKA_07062024.faa.CARDbins.txt","4final_SemiBin_13.fa","CARD-ARGs","ARO:3004999",43186,8797,3747,"Mycobacterium tuberculosis rpoA mutations confer resistance to rifampicin","Mycobacterium tuberculosis rpoA mutations confer resistance to rifampicin","NP_217974.1","NC_000962.3","rifampicin resistant rpoA","rifamycin antibiotic","antibiotic target alteration","Mtub_rpoA_RIF"
"111","IPIHHDOK_01218","gb|AAB39605.1|ARO:3003361|Pros_EFTu_GE2A","4final_SemiBin_13.fa_PROKKA_07062024.faa.CARDbins.txt","4final_SemiBin_13.fa","CARD-ARGs","ARO:3003361",39945,3512,2257,"Planobispora rosea EF-Tu mutants conferring resistance to inhibitor GE2270A","Planobispora rosea EF-Tu mutants conferring resistance to inhibitor GE2270A","AAB39605.1","U67308.1","elfamycin resistant EF-Tu","elfamycin antibiotic","antibiotic target alteration","Pros_EFTu_GE2A"
"112","IPIHHDOK_01221","gb|NP_215196.1|ARO:3003395|Mtub_rpsL_STR","4final_SemiBin_13.fa_PROKKA_07062024.faa.CARDbins.txt","4final_SemiBin_13.fa","CARD-ARGs","ARO:3003395",39979,8803,1197,"Mycobacterium tuberculosis rpsL mutations conferring resistance to Streptomycin","Mycobacterium tuberculosis rpsL mutations conferring resistance to Streptomycin","NP_215196.1","NC_000962.3","antibiotic-resistant rpsL","aminoglycoside antibiotic","antibiotic target alteration","Mtub_rpsL_STR"
"113","IPIHHDOK_01456","gb|YP_177995.1|ARO:3004957|Mtub_clpC1_PZA","4final_SemiBin_13.fa_PROKKA_07062024.faa.CARDbins.txt","4final_SemiBin_13.fa","CARD-ARGs","ARO:3004957",43143,8823,3705,"Mycobacterium tuberculosis clpC1 with mutation conferring resistance to pyrazinamide","Mycobacterium tuberculosis clpC1 with mutation conferring resistance to pyrazinamide","YP_177995.1","NC_000962.3","pyrazinamide resistant clpC1","pyrazine antibiotic","antibiotic target alteration","Mtub_clpC1_PZA"
"114","IPIHHDOK_02004","gb|NP_215181.1|ARO:3003283|Mtub_rpoB_RIF","4final_SemiBin_13.fa_PROKKA_07062024.faa.CARDbins.txt","4final_SemiBin_13.fa","CARD-ARGs","ARO:3003283",39867,8799,1237,"Mycobacterium tuberculosis rpoB with mutations conferring resistance to rifampicin","Mycobacterium tuberculosis rpoB with mutations conferring resistance to rifampicin","NP_215181.1","NC_000962.3","rifamycin-resistant beta-subunit of RNA polymerase (rpoB)","peptide antibiotic;rifamycin antibiotic","antibiotic target alteration;antibiotic target replacement","Mtub_rpoB_RIF"
"115","IPIHHDOK_02769","gb|CAG39573.1|ARO:3003735|Saur_fusA_FA","4final_SemiBin_13.fa_PROKKA_07062024.faa.CARDbins.txt","4final_SemiBin_13.fa","CARD-ARGs","ARO:3003735",40390,3510,2254,"Staphylococcus aureus fusA with mutation conferring resistance to fusidic acid","Staphylococcus aureus fusA with mutation conferring resistance to fusidic acid","CAG39573.1","BX571856.1","antibiotic resistant fusA","fusidane antibiotic","antibiotic target alteration","Saur_fusA_FA"
"116","AKCAKPKC_01066","gb|AFK57679.1|ARO:3003438|Efac_EFTu_GE2A","4final_SemiBin_17.fa_PROKKA_07062024.faa.CARDbins.txt","4final_SemiBin_17.fa","CARD-ARGs","ARO:3003438",40022,5307,2108,"Enterococcus faecium EF-Tu mutants conferring resistance to GE2270A","Enterococcus faecium EF-Tu mutants conferring resistance to GE2270A","AFK57679.1","CP003583.1","elfamycin resistant EF-Tu","elfamycin antibiotic","antibiotic target alteration","Efac_EFTu_GE2A"
"117","DBLDMNEL_01861","gb|AFK57679.1|ARO:3003438|Efac_EFTu_GE2A","4final_SemiBin_23.fa_PROKKA_07062024.faa.CARDbins.txt","4final_SemiBin_23.fa","CARD-ARGs","ARO:3003438",40022,5307,2108,"Enterococcus faecium EF-Tu mutants conferring resistance to GE2270A","Enterococcus faecium EF-Tu mutants conferring resistance to GE2270A","AFK57679.1","CP003583.1","elfamycin resistant EF-Tu","elfamycin antibiotic","antibiotic target alteration","Efac_EFTu_GE2A"
"118","KJGHNCML_00202","gb|AAA50993.1|ARO:3003368|Ecol_EFTu_KIR","4final_SemiBin_24.fa_PROKKA_07062024.faa.CARDbins.txt","4final_SemiBin_24.fa","CARD-ARGs","ARO:3003368",39952,3531,2137,"Escherichia coli EF-Tu mutants conferring resistance to kirromycin","Escherichia coli EF-Tu mutants conferring resistance to kirromycin","AAA50993.1","AH002539.2","elfamycin resistant EF-Tu","elfamycin antibiotic","antibiotic target alteration","Ecol_EFTu_KIR"
"119","KJGHNCML_00205","gb|NP_215196.1|ARO:3003395|Mtub_rpsL_STR","4final_SemiBin_24.fa_PROKKA_07062024.faa.CARDbins.txt","4final_SemiBin_24.fa","CARD-ARGs","ARO:3003395",39979,8803,1197,"Mycobacterium tuberculosis rpsL mutations conferring resistance to Streptomycin","Mycobacterium tuberculosis rpsL mutations conferring resistance to Streptomycin","NP_215196.1","NC_000962.3","antibiotic-resistant rpsL","aminoglycoside antibiotic","antibiotic target alteration","Mtub_rpsL_STR"
"120","KJGHNCML_02411","gb|NP_215821.1|ARO:3007854|Mtub_atpE_BDQ","4final_SemiBin_24.fa_PROKKA_07062024.faa.CARDbins.txt","4final_SemiBin_24.fa","CARD-ARGs","ARO:3007854",46644,8894,6071,"Mycobacterium tuberculosis atpE with mutation conferring resistance to bedaquiline","Mycobacterium tuberculosis atpE with mutation conferring resistance to bedaquiline","NP_215821.1","NC_000962.3","antibiotic resistant ATP synthase","diarylquinoline antibiotic","antibiotic target alteration","Mtub_atpE_BDQ"
"121","ODFCIBKI_01233","gb|NP_215196.1|ARO:3003395|Mtub_rpsL_STR","4final_SemiBin_25.fa_PROKKA_07062024.faa.CARDbins.txt","4final_SemiBin_25.fa","CARD-ARGs","ARO:3003395",39979,8803,1197,"Mycobacterium tuberculosis rpsL mutations conferring resistance to Streptomycin","Mycobacterium tuberculosis rpsL mutations conferring resistance to Streptomycin","NP_215196.1","NC_000962.3","antibiotic-resistant rpsL","aminoglycoside antibiotic","antibiotic target alteration","Mtub_rpsL_STR"
"122","ODFCIBKI_02768","gb|AAB39605.1|ARO:3003361|Pros_EFTu_GE2A","4final_SemiBin_25.fa_PROKKA_07062024.faa.CARDbins.txt","4final_SemiBin_25.fa","CARD-ARGs","ARO:3003361",39945,3512,2257,"Planobispora rosea EF-Tu mutants conferring resistance to inhibitor GE2270A","Planobispora rosea EF-Tu mutants conferring resistance to inhibitor GE2270A","AAB39605.1","U67308.1","elfamycin resistant EF-Tu","elfamycin antibiotic","antibiotic target alteration","Pros_EFTu_GE2A"
"123","ODFCIBKI_02807","gb|AAB39605.1|ARO:3003361|Pros_EFTu_GE2A","4final_SemiBin_25.fa_PROKKA_07062024.faa.CARDbins.txt","4final_SemiBin_25.fa","CARD-ARGs","ARO:3003361",39945,3512,2257,"Planobispora rosea EF-Tu mutants conferring resistance to inhibitor GE2270A","Planobispora rosea EF-Tu mutants conferring resistance to inhibitor GE2270A","AAB39605.1","U67308.1","elfamycin resistant EF-Tu","elfamycin antibiotic","antibiotic target alteration","Pros_EFTu_GE2A"
"124","PCLPKCNA_00665","gb|AHA41504.1|ARO:3002941|vanS_in_vanO_cl","4final_SemiBin_27.fa_PROKKA_07062024.faa.CARDbins.txt","4final_SemiBin_27.fa","CARD-ARGs","ARO:3002941",39375,4550,465,"vanS gene in vanO cluster","vanS gene in vanO cluster","AHA41504.1","KF478993.1","glycopeptide resistance gene cluster;vanS","glycopeptide antibiotic","antibiotic target alteration","vanS_in_vanO_cl"
"125","KGJCHJPN_00267","gb|NP_215821.1|ARO:3007854|Mtub_atpE_BDQ","4final_SemiBin_28.fa_PROKKA_07062024.faa.CARDbins.txt","4final_SemiBin_28.fa","CARD-ARGs","ARO:3007854",46644,8894,6071,"Mycobacterium tuberculosis atpE with mutation conferring resistance to bedaquiline","Mycobacterium tuberculosis atpE with mutation conferring resistance to bedaquiline","NP_215821.1","NC_000962.3","antibiotic resistant ATP synthase","diarylquinoline antibiotic","antibiotic target alteration","Mtub_atpE_BDQ"
"126","KGJCHJPN_00685","gb|ADK17136.1|ARO:3004563|Cdif_rpoB_RIF","4final_SemiBin_28.fa_PROKKA_07062024.faa.CARDbins.txt","4final_SemiBin_28.fa","CARD-ARGs","ARO:3004563",42470,5315,3269,"Clostridioides difficile rpoB with mutation conferring resistance to rifampicin","Clostridioides difficile rpoB with mutation conferring resistance to rifampicin","ADK17136.1","CP001666.1","rifamycin-resistant beta-subunit of RNA polymerase (rpoB)","peptide antibiotic;rifamycin antibiotic","antibiotic target alteration;antibiotic target replacement","Cdif_rpoB_RIF"
"127","KGJCHJPN_00690","gb|NP_215196.1|ARO:3003395|Mtub_rpsL_STR","4final_SemiBin_28.fa_PROKKA_07062024.faa.CARDbins.txt","4final_SemiBin_28.fa","CARD-ARGs","ARO:3003395",39979,8803,1197,"Mycobacterium tuberculosis rpsL mutations conferring resistance to Streptomycin","Mycobacterium tuberculosis rpsL mutations conferring resistance to Streptomycin","NP_215196.1","NC_000962.3","antibiotic-resistant rpsL","aminoglycoside antibiotic","antibiotic target alteration","Mtub_rpsL_STR"
"128","KGJCHJPN_01721","gb|AAA50993.1|ARO:3003368|Ecol_EFTu_KIR","4final_SemiBin_28.fa_PROKKA_07062024.faa.CARDbins.txt","4final_SemiBin_28.fa","CARD-ARGs","ARO:3003368",39952,3531,2137,"Escherichia coli EF-Tu mutants conferring resistance to kirromycin","Escherichia coli EF-Tu mutants conferring resistance to kirromycin","AAA50993.1","AH002539.2","elfamycin resistant EF-Tu","elfamycin antibiotic","antibiotic target alteration","Ecol_EFTu_KIR"
"129","ANBECHAL_00320","gb|ABC24999.1|ARO:3007476|Mabs_atpE_BDQ","4final_SemiBin_29.fa_PROKKA_07062024.faa.CARDbins.txt","4final_SemiBin_29.fa","CARD-ARGs","ARO:3007476",46243,8682,5960,"Mycobacterium abscessus atpE with mutation conferring resistance to bedaquiline","Mycobacterium abscessus atpE with mutation conferring resistance to bedaquiline","ABC24999.1","DQ306899.1","antibiotic resistant ATP synthase","diarylquinoline antibiotic","antibiotic target alteration","Mabs_atpE_BDQ"
"130","IOIDKICC_00131","gb|NP_216424.1|ARO:3003392|Mtub_katG_INH","4final_SemiBin_30.fa_PROKKA_07062024.faa.CARDbins.txt","4final_SemiBin_30.fa","CARD-ARGs","ARO:3003392",39976,8833,1176,"Mycobacterium tuberculosis katG mutations conferring resistance to isoniazid","Mycobacterium tuberculosis katG mutations conferring resistance to isoniazid","NP_216424.1","NC_000962.3","isoniazid resistant katG","isoniazid-like antibiotic","antibiotic target alteration","Mtub_katG_INH"
"131","IOIDKICC_01663","gb|NP_216559.1|ARO:3003394|Mtub_pncA_PZA","4final_SemiBin_30.fa_PROKKA_07062024.faa.CARDbins.txt","4final_SemiBin_30.fa","CARD-ARGs","ARO:3003394",39978,8786,851,"Mycobacterium tuberculosis pncA mutations conferring resistance to pyrazinamide","Mycobacterium tuberculosis pncA mutations conferring resistance to pyrazinamide","NP_216559.1","NC_000962.3","Pyrazinamide resistant pncA","pyrazine antibiotic","antibiotic target alteration","Mtub_pncA_PZA"
"132","IOIDKICC_02400","gb|ABK64957.1|ARO:3007473|Mavi_gyrA_FLO","4final_SemiBin_30.fa_PROKKA_07062024.faa.CARDbins.txt","4final_SemiBin_30.fa","CARD-ARGs","ARO:3007473",46239,8678,5956,"Mycobacterium avium gyrA with mutation conferring resistance to fluoroquinolone","Mycobacterium avium gyrA with mutation conferring resistance to fluoroquinolone","ABK64957.1","CP000479.1","fluoroquinolone resistant gyrA","fluoroquinolone antibiotic;nybomycin-like antibiotic","antibiotic target alteration","Mavi_gyrA_FLO"
"133","IOIDKICC_02628","gb|NP_215999.1|ARO:3004922|Mtub_fabG1_INH","4final_SemiBin_30.fa_PROKKA_07062024.faa.CARDbins.txt","4final_SemiBin_30.fa","CARD-ARGs","ARO:3004922",43108,8815,3724,"Mycobacterium tuberculosis fabG1 mutations confer resistance to isoniazid","Mycobacterium tuberculosis fabG1 mutations confer resistance to isoniazid","NP_215999.1","NC_000962.3","isoniazid resistant fabG1","isoniazid-like antibiotic","antibiotic target alteration","Mtub_fabG1_INH"
"134","IOMNIJFH_01481","gb|NP_215196.1|ARO:3003395|Mtub_rpsL_STR","4final_SemiBin_32.fa_PROKKA_07062024.faa.CARDbins.txt","4final_SemiBin_32.fa","CARD-ARGs","ARO:3003395",39979,8803,1197,"Mycobacterium tuberculosis rpsL mutations conferring resistance to Streptomycin","Mycobacterium tuberculosis rpsL mutations conferring resistance to Streptomycin","NP_215196.1","NC_000962.3","antibiotic-resistant rpsL","aminoglycoside antibiotic","antibiotic target alteration","Mtub_rpsL_STR"
"135","IOMNIJFH_02381","gb|AJP09758.1|ARO:3004681|Cdif_rpoC_VAN","4final_SemiBin_32.fa_PROKKA_07062024.faa.CARDbins.txt","4final_SemiBin_32.fa","CARD-ARGs","ARO:3004681",42730,5565,3380,"Clostridioides difficile rpoC with mutation conferring resistance to vancomycin","Clostridioides difficile rpoC with mutation conferring resistance to vancomycin","AJP09758.1","CP010905.2","vancomycin-resistant beta prime subunit of RNA polymerase (rpoC)","glycopeptide antibiotic","antibiotic target alteration","Cdif_rpoC_VAN"
"136","IOMNIJFH_02554","gb|AAA50993.1|ARO:3003368|Ecol_EFTu_KIR","4final_SemiBin_32.fa_PROKKA_07062024.faa.CARDbins.txt","4final_SemiBin_32.fa","CARD-ARGs","ARO:3003368",39952,3531,2137,"Escherichia coli EF-Tu mutants conferring resistance to kirromycin","Escherichia coli EF-Tu mutants conferring resistance to kirromycin","AAA50993.1","AH002539.2","elfamycin resistant EF-Tu","elfamycin antibiotic","antibiotic target alteration","Ecol_EFTu_KIR"
"137","KPDBJBJB_01053","gb|AFK57679.1|ARO:3003438|Efac_EFTu_GE2A","4final_SemiBin_33.fa_PROKKA_07062024.faa.CARDbins.txt","4final_SemiBin_33.fa","CARD-ARGs","ARO:3003438",40022,5307,2108,"Enterococcus faecium EF-Tu mutants conferring resistance to GE2270A","Enterococcus faecium EF-Tu mutants conferring resistance to GE2270A","AFK57679.1","CP003583.1","elfamycin resistant EF-Tu","elfamycin antibiotic","antibiotic target alteration","Efac_EFTu_GE2A"
"138","DDHFCCOP_00027","gb|YP_177995.1|ARO:3004957|Mtub_clpC1_PZA","4final_SemiBin_34.fa_PROKKA_07062024.faa.CARDbins.txt","4final_SemiBin_34.fa","CARD-ARGs","ARO:3004957",43143,8823,3705,"Mycobacterium tuberculosis clpC1 with mutation conferring resistance to pyrazinamide","Mycobacterium tuberculosis clpC1 with mutation conferring resistance to pyrazinamide","YP_177995.1","NC_000962.3","pyrazinamide resistant clpC1","pyrazine antibiotic","antibiotic target alteration","Mtub_clpC1_PZA"
"139","DDHFCCOP_00403","gb|NP_215181.1|ARO:3003283|Mtub_rpoB_RIF","4final_SemiBin_34.fa_PROKKA_07062024.faa.CARDbins.txt","4final_SemiBin_34.fa","CARD-ARGs","ARO:3003283",39867,8799,1237,"Mycobacterium tuberculosis rpoB with mutations conferring resistance to rifampicin","Mycobacterium tuberculosis rpoB with mutations conferring resistance to rifampicin","NP_215181.1","NC_000962.3","rifamycin-resistant beta-subunit of RNA polymerase (rpoB)","peptide antibiotic;rifamycin antibiotic","antibiotic target alteration;antibiotic target replacement","Mtub_rpoB_RIF"
"140","DDHFCCOP_00405","gb|NP_215196.1|ARO:3003395|Mtub_rpsL_STR","4final_SemiBin_34.fa_PROKKA_07062024.faa.CARDbins.txt","4final_SemiBin_34.fa","CARD-ARGs","ARO:3003395",39979,8803,1197,"Mycobacterium tuberculosis rpsL mutations conferring resistance to Streptomycin","Mycobacterium tuberculosis rpsL mutations conferring resistance to Streptomycin","NP_215196.1","NC_000962.3","antibiotic-resistant rpsL","aminoglycoside antibiotic","antibiotic target alteration","Mtub_rpsL_STR"
"141","DDHFCCOP_00408","gb|AAB39605.1|ARO:3003361|Pros_EFTu_GE2A","4final_SemiBin_34.fa_PROKKA_07062024.faa.CARDbins.txt","4final_SemiBin_34.fa","CARD-ARGs","ARO:3003361",39945,3512,2257,"Planobispora rosea EF-Tu mutants conferring resistance to inhibitor GE2270A","Planobispora rosea EF-Tu mutants conferring resistance to inhibitor GE2270A","AAB39605.1","U67308.1","elfamycin resistant EF-Tu","elfamycin antibiotic","antibiotic target alteration","Pros_EFTu_GE2A"
"142","DDHFCCOP_00541","gb|NP_216146.1|ARO:3004721|Mtub_rpsA_PZA","4final_SemiBin_34.fa_PROKKA_07062024.faa.CARDbins.txt","4final_SemiBin_34.fa","CARD-ARGs","ARO:3004721",42776,8802,3403,"Mycobacterium tuberculosis rpsA mutations conferring resistance to pyrazinamide","Mycobacterium tuberculosis rpsA mutations conferring resistance to pyrazinamide","NP_216146.1","NC_000962.3","pyrazinamide resistant rpsA","pyrazine antibiotic","antibiotic target alteration","Mtub_rpsA_PZA"
"143","DDHFCCOP_00605","gb|CCA59315.1|ARO:3007208|HelR","4final_SemiBin_34.fa_PROKKA_07062024.faa.CARDbins.txt","4final_SemiBin_34.fa","CARD-ARGs","ARO:3007208",45952,8511,5819,"HelR","HelR","CCA59315.1","FR845719.1","helicase-like RNA polymerase protection protein","rifamycin antibiotic","antibiotic target protection","HelR"
"144","DDHFCCOP_00613","gb|NP_217974.1|ARO:3004999|Mtub_rpoA_RIF","4final_SemiBin_34.fa_PROKKA_07062024.faa.CARDbins.txt","4final_SemiBin_34.fa","CARD-ARGs","ARO:3004999",43186,8797,3747,"Mycobacterium tuberculosis rpoA mutations confer resistance to rifampicin","Mycobacterium tuberculosis rpoA mutations confer resistance to rifampicin","NP_217974.1","NC_000962.3","rifampicin resistant rpoA","rifamycin antibiotic","antibiotic target alteration","Mtub_rpoA_RIF"
"145","DDHFCCOP_00705","gb|YP_177995.1|ARO:3004957|Mtub_clpC1_PZA","4final_SemiBin_34.fa_PROKKA_07062024.faa.CARDbins.txt","4final_SemiBin_34.fa","CARD-ARGs","ARO:3004957",43143,8823,3705,"Mycobacterium tuberculosis clpC1 with mutation conferring resistance to pyrazinamide","Mycobacterium tuberculosis clpC1 with mutation conferring resistance to pyrazinamide","YP_177995.1","NC_000962.3","pyrazinamide resistant clpC1","pyrazine antibiotic","antibiotic target alteration","Mtub_clpC1_PZA"
"146","PIELPGML_00059","gb|AAB39605.1|ARO:3003361|Pros_EFTu_GE2A","4final_SemiBin_40.fa_PROKKA_07062024.faa.CARDbins.txt","4final_SemiBin_40.fa","CARD-ARGs","ARO:3003361",39945,3512,2257,"Planobispora rosea EF-Tu mutants conferring resistance to inhibitor GE2270A","Planobispora rosea EF-Tu mutants conferring resistance to inhibitor GE2270A","AAB39605.1","U67308.1","elfamycin resistant EF-Tu","elfamycin antibiotic","antibiotic target alteration","Pros_EFTu_GE2A"
"147","IIMKLKLE_00387","gb|ADK17136.1|ARO:3004563|Cdif_rpoB_RIF","4final_SemiBin_42.fa_PROKKA_07062024.faa.CARDbins.txt","4final_SemiBin_42.fa","CARD-ARGs","ARO:3004563",42470,5315,3269,"Clostridioides difficile rpoB with mutation conferring resistance to rifampicin","Clostridioides difficile rpoB with mutation conferring resistance to rifampicin","ADK17136.1","CP001666.1","rifamycin-resistant beta-subunit of RNA polymerase (rpoB)","peptide antibiotic;rifamycin antibiotic","antibiotic target alteration;antibiotic target replacement","Cdif_rpoB_RIF"
"148","IIMKLKLE_01575","gb|NP_215196.1|ARO:3003395|Mtub_rpsL_STR","4final_SemiBin_42.fa_PROKKA_07062024.faa.CARDbins.txt","4final_SemiBin_42.fa","CARD-ARGs","ARO:3003395",39979,8803,1197,"Mycobacterium tuberculosis rpsL mutations conferring resistance to Streptomycin","Mycobacterium tuberculosis rpsL mutations conferring resistance to Streptomycin","NP_215196.1","NC_000962.3","antibiotic-resistant rpsL","aminoglycoside antibiotic","antibiotic target alteration","Mtub_rpsL_STR"
"149","IIMKLKLE_03279","gb|CAA67349.1|ARO:3003359|Scin_EFTu_ELF","4final_SemiBin_42.fa_PROKKA_07062024.faa.CARDbins.txt","4final_SemiBin_42.fa","CARD-ARGs","ARO:3003359",39943,3578,2310,"Streptomyces cinnamoneus EF-Tu mutants conferring resistance to elfamycin","Streptomyces cinnamoneus EF-Tu mutants conferring resistance to elfamycin","CAA67349.1","X98831.1","elfamycin resistant EF-Tu","elfamycin antibiotic","antibiotic target alteration","Scin_EFTu_ELF"
"150","ALKNGLEF_00193","gb|NP_215196.1|ARO:3003395|Mtub_rpsL_STR","4final_SemiBin_44.fa_PROKKA_07062024.faa.CARDbins.txt","4final_SemiBin_44.fa","CARD-ARGs","ARO:3003395",39979,8803,1197,"Mycobacterium tuberculosis rpsL mutations conferring resistance to Streptomycin","Mycobacterium tuberculosis rpsL mutations conferring resistance to Streptomycin","NP_215196.1","NC_000962.3","antibiotic-resistant rpsL","aminoglycoside antibiotic","antibiotic target alteration","Mtub_rpsL_STR"
"151","ALKNGLEF_00759","gb|AFK57679.1|ARO:3003438|Efac_EFTu_GE2A","4final_SemiBin_44.fa_PROKKA_07062024.faa.CARDbins.txt","4final_SemiBin_44.fa","CARD-ARGs","ARO:3003438",40022,5307,2108,"Enterococcus faecium EF-Tu mutants conferring resistance to GE2270A","Enterococcus faecium EF-Tu mutants conferring resistance to GE2270A","AFK57679.1","CP003583.1","elfamycin resistant EF-Tu","elfamycin antibiotic","antibiotic target alteration","Efac_EFTu_GE2A"
"152","HMKFAGCP_00620","gb|AAA50993.1|ARO:3003368|Ecol_EFTu_KIR","4final_SemiBin_45.fa_PROKKA_07062024.faa.CARDbins.txt","4final_SemiBin_45.fa","CARD-ARGs","ARO:3003368",39952,3531,2137,"Escherichia coli EF-Tu mutants conferring resistance to kirromycin","Escherichia coli EF-Tu mutants conferring resistance to kirromycin","AAA50993.1","AH002539.2","elfamycin resistant EF-Tu","elfamycin antibiotic","antibiotic target alteration","Ecol_EFTu_KIR"
"153","HMKFAGCP_02007","gb|AHA41505.1|ARO:3002930|vanR_in_vanO_cl","4final_SemiBin_45.fa_PROKKA_07062024.faa.CARDbins.txt","4final_SemiBin_45.fa","CARD-ARGs","ARO:3002930",39364,4685,1689,"vanR gene in vanO cluster","vanR gene in vanO cluster","AHA41505.1","KF478993.1","glycopeptide resistance gene cluster;vanR","glycopeptide antibiotic","antibiotic target alteration","vanR_in_vanO_cl"
"154","FJOFOJDL_00299","gb|AFK57679.1|ARO:3003438|Efac_EFTu_GE2A","4final_SemiBin_46.fa_PROKKA_07062024.faa.CARDbins.txt","4final_SemiBin_46.fa","CARD-ARGs","ARO:3003438",40022,5307,2108,"Enterococcus faecium EF-Tu mutants conferring resistance to GE2270A","Enterococcus faecium EF-Tu mutants conferring resistance to GE2270A","AFK57679.1","CP003583.1","elfamycin resistant EF-Tu","elfamycin antibiotic","antibiotic target alteration","Efac_EFTu_GE2A"
"155","DMPCBKMI_02966","gb|NP_215196.1|ARO:3003395|Mtub_rpsL_STR","4final_SemiBin_47.fa_PROKKA_07062024.faa.CARDbins.txt","4final_SemiBin_47.fa","CARD-ARGs","ARO:3003395",39979,8803,1197,"Mycobacterium tuberculosis rpsL mutations conferring resistance to Streptomycin","Mycobacterium tuberculosis rpsL mutations conferring resistance to Streptomycin","NP_215196.1","NC_000962.3","antibiotic-resistant rpsL","aminoglycoside antibiotic","antibiotic target alteration","Mtub_rpsL_STR"
"156","DMPCBKMI_02983","gb|AAB39605.1|ARO:3003361|Pros_EFTu_GE2A","4final_SemiBin_47.fa_PROKKA_07062024.faa.CARDbins.txt","4final_SemiBin_47.fa","CARD-ARGs","ARO:3003361",39945,3512,2257,"Planobispora rosea EF-Tu mutants conferring resistance to inhibitor GE2270A","Planobispora rosea EF-Tu mutants conferring resistance to inhibitor GE2270A","AAB39605.1","U67308.1","elfamycin resistant EF-Tu","elfamycin antibiotic","antibiotic target alteration","Pros_EFTu_GE2A"
"157","ABFBMEPL_02745","gb|AAB39605.1|ARO:3003361|Pros_EFTu_GE2A","4final_SemiBin_5.fa_PROKKA_07062024.faa.CARDbins.txt","4final_SemiBin_5.fa","CARD-ARGs","ARO:3003361",39945,3512,2257,"Planobispora rosea EF-Tu mutants conferring resistance to inhibitor GE2270A","Planobispora rosea EF-Tu mutants conferring resistance to inhibitor GE2270A","AAB39605.1","U67308.1","elfamycin resistant EF-Tu","elfamycin antibiotic","antibiotic target alteration","Pros_EFTu_GE2A"
"158","MOADAOIH_01918","gb|CCA59315.1|ARO:3007208|HelR","4final_SemiBin_51.fa_PROKKA_07062024.faa.CARDbins.txt","4final_SemiBin_51.fa","CARD-ARGs","ARO:3007208",45952,8511,5819,"HelR","HelR","CCA59315.1","FR845719.1","helicase-like RNA polymerase protection protein","rifamycin antibiotic","antibiotic target protection","HelR"
"159","MOADAOIH_05213","gb|YP_177995.1|ARO:3004957|Mtub_clpC1_PZA","4final_SemiBin_51.fa_PROKKA_07062024.faa.CARDbins.txt","4final_SemiBin_51.fa","CARD-ARGs","ARO:3004957",43143,8823,3705,"Mycobacterium tuberculosis clpC1 with mutation conferring resistance to pyrazinamide","Mycobacterium tuberculosis clpC1 with mutation conferring resistance to pyrazinamide","YP_177995.1","NC_000962.3","pyrazinamide resistant clpC1","pyrazine antibiotic","antibiotic target alteration","Mtub_clpC1_PZA"
"160","MOADAOIH_05627","gb|AEZ36150.1|ARO:3000448|QepA1","4final_SemiBin_51.fa_PROKKA_07062024.faa.CARDbins.txt","4final_SemiBin_51.fa","CARD-ARGs","ARO:3000448",36587,398,1206,"QepA1","QepA1","AEZ36150.1","JQ064560.1","major facilitator superfamily (MFS) antibiotic efflux pump","fluoroquinolone antibiotic","antibiotic efflux","QepA1"
"161","MOADAOIH_05693","gb|NP_216146.1|ARO:3004721|Mtub_rpsA_PZA","4final_SemiBin_51.fa_PROKKA_07062024.faa.CARDbins.txt","4final_SemiBin_51.fa","CARD-ARGs","ARO:3004721",42776,8802,3403,"Mycobacterium tuberculosis rpsA mutations conferring resistance to pyrazinamide","Mycobacterium tuberculosis rpsA mutations conferring resistance to pyrazinamide","NP_216146.1","NC_000962.3","pyrazinamide resistant rpsA","pyrazine antibiotic","antibiotic target alteration","Mtub_rpsA_PZA"
"162","MOADAOIH_05948","gb|NP_216424.1|ARO:3003392|Mtub_katG_INH","4final_SemiBin_51.fa_PROKKA_07062024.faa.CARDbins.txt","4final_SemiBin_51.fa","CARD-ARGs","ARO:3003392",39976,8833,1176,"Mycobacterium tuberculosis katG mutations conferring resistance to isoniazid","Mycobacterium tuberculosis katG mutations conferring resistance to isoniazid","NP_216424.1","NC_000962.3","isoniazid resistant katG","isoniazid-like antibiotic","antibiotic target alteration","Mtub_katG_INH"
"163","IILIPKLO_02578","gb|NP_215196.1|ARO:3003395|Mtub_rpsL_STR","4final_SemiBin_6.fa_PROKKA_07062024.faa.CARDbins.txt","4final_SemiBin_6.fa","CARD-ARGs","ARO:3003395",39979,8803,1197,"Mycobacterium tuberculosis rpsL mutations conferring resistance to Streptomycin","Mycobacterium tuberculosis rpsL mutations conferring resistance to Streptomycin","NP_215196.1","NC_000962.3","antibiotic-resistant rpsL","aminoglycoside antibiotic","antibiotic target alteration","Mtub_rpsL_STR"
"164","JHCNENAM_00598","gb|AAA50993.1|ARO:3003368|Ecol_EFTu_KIR","5final_SemiBin_0.fa_PROKKA_07062024.faa.CARDbins.txt","5final_SemiBin_0.fa","CARD-ARGs","ARO:3003368",39952,3531,2137,"Escherichia coli EF-Tu mutants conferring resistance to kirromycin","Escherichia coli EF-Tu mutants conferring resistance to kirromycin","AAA50993.1","AH002539.2","elfamycin resistant EF-Tu","elfamycin antibiotic","antibiotic target alteration","Ecol_EFTu_KIR"
"165","JHCNENAM_02587","gb|AFK57679.1|ARO:3003438|Efac_EFTu_GE2A","5final_SemiBin_0.fa_PROKKA_07062024.faa.CARDbins.txt","5final_SemiBin_0.fa","CARD-ARGs","ARO:3003438",40022,5307,2108,"Enterococcus faecium EF-Tu mutants conferring resistance to GE2270A","Enterococcus faecium EF-Tu mutants conferring resistance to GE2270A","AFK57679.1","CP003583.1","elfamycin resistant EF-Tu","elfamycin antibiotic","antibiotic target alteration","Efac_EFTu_GE2A"
"166","IHAEGOAK_00407","gb|NP_215821.1|ARO:3007854|Mtub_atpE_BDQ","5final_SemiBin_13.fa_PROKKA_07062024.faa.CARDbins.txt","5final_SemiBin_13.fa","CARD-ARGs","ARO:3007854",46644,8894,6071,"Mycobacterium tuberculosis atpE with mutation conferring resistance to bedaquiline","Mycobacterium tuberculosis atpE with mutation conferring resistance to bedaquiline","NP_215821.1","NC_000962.3","antibiotic resistant ATP synthase","diarylquinoline antibiotic","antibiotic target alteration","Mtub_atpE_BDQ"
"167","IHAEGOAK_01632","gb|NP_215196.1|ARO:3003395|Mtub_rpsL_STR","5final_SemiBin_13.fa_PROKKA_07062024.faa.CARDbins.txt","5final_SemiBin_13.fa","CARD-ARGs","ARO:3003395",39979,8803,1197,"Mycobacterium tuberculosis rpsL mutations conferring resistance to Streptomycin","Mycobacterium tuberculosis rpsL mutations conferring resistance to Streptomycin","NP_215196.1","NC_000962.3","antibiotic-resistant rpsL","aminoglycoside antibiotic","antibiotic target alteration","Mtub_rpsL_STR"
"168","IHAEGOAK_02598","gb|AAA50993.1|ARO:3003368|Ecol_EFTu_KIR","5final_SemiBin_13.fa_PROKKA_07062024.faa.CARDbins.txt","5final_SemiBin_13.fa","CARD-ARGs","ARO:3003368",39952,3531,2137,"Escherichia coli EF-Tu mutants conferring resistance to kirromycin","Escherichia coli EF-Tu mutants conferring resistance to kirromycin","AAA50993.1","AH002539.2","elfamycin resistant EF-Tu","elfamycin antibiotic","antibiotic target alteration","Ecol_EFTu_KIR"
"169","MGBGMOFD_00950","gb|AHA41505.1|ARO:3002930|vanR_in_vanO_cl","5final_SemiBin_15.fa_PROKKA_07062024.faa.CARDbins.txt","5final_SemiBin_15.fa","CARD-ARGs","ARO:3002930",39364,4685,1689,"vanR gene in vanO cluster","vanR gene in vanO cluster","AHA41505.1","KF478993.1","glycopeptide resistance gene cluster;vanR","glycopeptide antibiotic","antibiotic target alteration","vanR_in_vanO_cl"
"170","LHMILHBE_01752","gb|NP_215196.1|ARO:3003395|Mtub_rpsL_STR","5final_SemiBin_2.fa_PROKKA_07062024.faa.CARDbins.txt","5final_SemiBin_2.fa","CARD-ARGs","ARO:3003395",39979,8803,1197,"Mycobacterium tuberculosis rpsL mutations conferring resistance to Streptomycin","Mycobacterium tuberculosis rpsL mutations conferring resistance to Streptomycin","NP_215196.1","NC_000962.3","antibiotic-resistant rpsL","aminoglycoside antibiotic","antibiotic target alteration","Mtub_rpsL_STR"
"171","LHMILHBE_03449","gb|AAC75136.1|ARO:3000793|mdtB","5final_SemiBin_2.fa_PROKKA_07062024.faa.CARDbins.txt","5final_SemiBin_2.fa","CARD-ARGs","ARO:3000793",37173,215,820,"mdtB","mdtB","AAC75136.1","U00096.1","resistance-nodulation-cell division (RND) antibiotic efflux pump","aminocoumarin antibiotic","antibiotic efflux","mdtB"
"172","LMKCHCPN_00140","gb|NP_215196.1|ARO:3003395|Mtub_rpsL_STR","5final_SemiBin_20.fa_PROKKA_07062024.faa.CARDbins.txt","5final_SemiBin_20.fa","CARD-ARGs","ARO:3003395",39979,8803,1197,"Mycobacterium tuberculosis rpsL mutations conferring resistance to Streptomycin","Mycobacterium tuberculosis rpsL mutations conferring resistance to Streptomycin","NP_215196.1","NC_000962.3","antibiotic-resistant rpsL","aminoglycoside antibiotic","antibiotic target alteration","Mtub_rpsL_STR"
"173","LMKCHCPN_00714","gb|ABK64957.1|ARO:3007473|Mavi_gyrA_FLO","5final_SemiBin_20.fa_PROKKA_07062024.faa.CARDbins.txt","5final_SemiBin_20.fa","CARD-ARGs","ARO:3007473",46239,8678,5956,"Mycobacterium avium gyrA with mutation conferring resistance to fluoroquinolone","Mycobacterium avium gyrA with mutation conferring resistance to fluoroquinolone","ABK64957.1","CP000479.1","fluoroquinolone resistant gyrA","fluoroquinolone antibiotic;nybomycin-like antibiotic","antibiotic target alteration","Mavi_gyrA_FLO"
"174","LMKCHCPN_00835","gb|NP_217051.1|ARO:3007692|Mtub_Rv2535_BDQ","5final_SemiBin_20.fa_PROKKA_07062024.faa.CARDbins.txt","5final_SemiBin_20.fa","CARD-ARGs","ARO:3007692",46479,8741,6012,"Mycobacterium tuberculosis Rv2535c with mutation conferring resistance to bedaquiline","Mycobacterium tuberculosis Rv2535c with mutation conferring resistance to bedaquiline","NP_217051.1","NC_000962.3","bedaquiline resistant Rv2535c","diarylquinoline antibiotic;fluoroquinolone antibiotic","antibiotic target alteration","Mtub_Rv2535_BDQ"
"175","BKEHJMAC_02721","gb|AFK57679.1|ARO:3003438|Efac_EFTu_GE2A","5final_SemiBin_22.fa_PROKKA_07062024.faa.CARDbins.txt","5final_SemiBin_22.fa","CARD-ARGs","ARO:3003438",40022,5307,2108,"Enterococcus faecium EF-Tu mutants conferring resistance to GE2270A","Enterococcus faecium EF-Tu mutants conferring resistance to GE2270A","AFK57679.1","CP003583.1","elfamycin resistant EF-Tu","elfamycin antibiotic","antibiotic target alteration","Efac_EFTu_GE2A"
"176","BKEHJMAC_03153","gb|AAA50993.1|ARO:3003368|Ecol_EFTu_KIR","5final_SemiBin_22.fa_PROKKA_07062024.faa.CARDbins.txt","5final_SemiBin_22.fa","CARD-ARGs","ARO:3003368",39952,3531,2137,"Escherichia coli EF-Tu mutants conferring resistance to kirromycin","Escherichia coli EF-Tu mutants conferring resistance to kirromycin","AAA50993.1","AH002539.2","elfamycin resistant EF-Tu","elfamycin antibiotic","antibiotic target alteration","Ecol_EFTu_KIR"
"177","OGHMJBOH_00190","gb|AFK57679.1|ARO:3003438|Efac_EFTu_GE2A","5final_SemiBin_3.fa_PROKKA_07062024.faa.CARDbins.txt","5final_SemiBin_3.fa","CARD-ARGs","ARO:3003438",40022,5307,2108,"Enterococcus faecium EF-Tu mutants conferring resistance to GE2270A","Enterococcus faecium EF-Tu mutants conferring resistance to GE2270A","AFK57679.1","CP003583.1","elfamycin resistant EF-Tu","elfamycin antibiotic","antibiotic target alteration","Efac_EFTu_GE2A"
"178","OGHMJBOH_00193","gb|NP_215196.1|ARO:3003395|Mtub_rpsL_STR","5final_SemiBin_3.fa_PROKKA_07062024.faa.CARDbins.txt","5final_SemiBin_3.fa","CARD-ARGs","ARO:3003395",39979,8803,1197,"Mycobacterium tuberculosis rpsL mutations conferring resistance to Streptomycin","Mycobacterium tuberculosis rpsL mutations conferring resistance to Streptomycin","NP_215196.1","NC_000962.3","antibiotic-resistant rpsL","aminoglycoside antibiotic","antibiotic target alteration","Mtub_rpsL_STR"
"179","LPCEOKNL_00916","gb|AAB39605.1|ARO:3003361|Pros_EFTu_GE2A","5final_SemiBin_31.fa_PROKKA_07062024.faa.CARDbins.txt","5final_SemiBin_31.fa","CARD-ARGs","ARO:3003361",39945,3512,2257,"Planobispora rosea EF-Tu mutants conferring resistance to inhibitor GE2270A","Planobispora rosea EF-Tu mutants conferring resistance to inhibitor GE2270A","AAB39605.1","U67308.1","elfamycin resistant EF-Tu","elfamycin antibiotic","antibiotic target alteration","Pros_EFTu_GE2A"
"180","LPCEOKNL_01350","gb|NP_215821.1|ARO:3007854|Mtub_atpE_BDQ","5final_SemiBin_31.fa_PROKKA_07062024.faa.CARDbins.txt","5final_SemiBin_31.fa","CARD-ARGs","ARO:3007854",46644,8894,6071,"Mycobacterium tuberculosis atpE with mutation conferring resistance to bedaquiline","Mycobacterium tuberculosis atpE with mutation conferring resistance to bedaquiline","NP_215821.1","NC_000962.3","antibiotic resistant ATP synthase","diarylquinoline antibiotic","antibiotic target alteration","Mtub_atpE_BDQ"
"181","LOIOMGFF_00419","gb|NP_216424.1|ARO:3003392|Mtub_katG_INH","5final_SemiBin_37.fa_PROKKA_07062024.faa.CARDbins.txt","5final_SemiBin_37.fa","CARD-ARGs","ARO:3003392",39976,8833,1176,"Mycobacterium tuberculosis katG mutations conferring resistance to isoniazid","Mycobacterium tuberculosis katG mutations conferring resistance to isoniazid","NP_216424.1","NC_000962.3","isoniazid resistant katG","isoniazid-like antibiotic","antibiotic target alteration","Mtub_katG_INH"
"182","MPOKECOG_00143","gb|AAA50993.1|ARO:3003368|Ecol_EFTu_KIR","5final_SemiBin_38.fa_PROKKA_07062024.faa.CARDbins.txt","5final_SemiBin_38.fa","CARD-ARGs","ARO:3003368",39952,3531,2137,"Escherichia coli EF-Tu mutants conferring resistance to kirromycin","Escherichia coli EF-Tu mutants conferring resistance to kirromycin","AAA50993.1","AH002539.2","elfamycin resistant EF-Tu","elfamycin antibiotic","antibiotic target alteration","Ecol_EFTu_KIR"
"183","MPOKECOG_01385","gb|NP_215196.1|ARO:3003395|Mtub_rpsL_STR","5final_SemiBin_38.fa_PROKKA_07062024.faa.CARDbins.txt","5final_SemiBin_38.fa","CARD-ARGs","ARO:3003395",39979,8803,1197,"Mycobacterium tuberculosis rpsL mutations conferring resistance to Streptomycin","Mycobacterium tuberculosis rpsL mutations conferring resistance to Streptomycin","NP_215196.1","NC_000962.3","antibiotic-resistant rpsL","aminoglycoside antibiotic","antibiotic target alteration","Mtub_rpsL_STR"
"184","JFJKAJHH_00352","gb|AAA50993.1|ARO:3003368|Ecol_EFTu_KIR","5final_SemiBin_8.fa_PROKKA_07062024.faa.CARDbins.txt","5final_SemiBin_8.fa","CARD-ARGs","ARO:3003368",39952,3531,2137,"Escherichia coli EF-Tu mutants conferring resistance to kirromycin","Escherichia coli EF-Tu mutants conferring resistance to kirromycin","AAA50993.1","AH002539.2","elfamycin resistant EF-Tu","elfamycin antibiotic","antibiotic target alteration","Ecol_EFTu_KIR"
"185","NHBBOMPF_00080","gb|NP_215196.1|ARO:3003395|Mtub_rpsL_STR","6final_SemiBin_11.fa_PROKKA_07062024.faa.CARDbins.txt","6final_SemiBin_11.fa","CARD-ARGs","ARO:3003395",39979,8803,1197,"Mycobacterium tuberculosis rpsL mutations conferring resistance to Streptomycin","Mycobacterium tuberculosis rpsL mutations conferring resistance to Streptomycin","NP_215196.1","NC_000962.3","antibiotic-resistant rpsL","aminoglycoside antibiotic","antibiotic target alteration","Mtub_rpsL_STR"
"186","DIIBPOJI_00283","gb|AAB39605.1|ARO:3003361|Pros_EFTu_GE2A","6final_SemiBin_12.fa_PROKKA_07062024.faa.CARDbins.txt","6final_SemiBin_12.fa","CARD-ARGs","ARO:3003361",39945,3512,2257,"Planobispora rosea EF-Tu mutants conferring resistance to inhibitor GE2270A","Planobispora rosea EF-Tu mutants conferring resistance to inhibitor GE2270A","AAB39605.1","U67308.1","elfamycin resistant EF-Tu","elfamycin antibiotic","antibiotic target alteration","Pros_EFTu_GE2A"
"187","DIIBPOJI_00348","gb|AAB39605.1|ARO:3003361|Pros_EFTu_GE2A","6final_SemiBin_12.fa_PROKKA_07062024.faa.CARDbins.txt","6final_SemiBin_12.fa","CARD-ARGs","ARO:3003361",39945,3512,2257,"Planobispora rosea EF-Tu mutants conferring resistance to inhibitor GE2270A","Planobispora rosea EF-Tu mutants conferring resistance to inhibitor GE2270A","AAB39605.1","U67308.1","elfamycin resistant EF-Tu","elfamycin antibiotic","antibiotic target alteration","Pros_EFTu_GE2A"
"188","DIIBPOJI_00355","gb|NP_215196.1|ARO:3003395|Mtub_rpsL_STR","6final_SemiBin_12.fa_PROKKA_07062024.faa.CARDbins.txt","6final_SemiBin_12.fa","CARD-ARGs","ARO:3003395",39979,8803,1197,"Mycobacterium tuberculosis rpsL mutations conferring resistance to Streptomycin","Mycobacterium tuberculosis rpsL mutations conferring resistance to Streptomycin","NP_215196.1","NC_000962.3","antibiotic-resistant rpsL","aminoglycoside antibiotic","antibiotic target alteration","Mtub_rpsL_STR"
"189","DHCCGEIO_00165","gb|NP_215196.1|ARO:3003395|Mtub_rpsL_STR","6final_SemiBin_13.fa_PROKKA_07062024.faa.CARDbins.txt","6final_SemiBin_13.fa","CARD-ARGs","ARO:3003395",39979,8803,1197,"Mycobacterium tuberculosis rpsL mutations conferring resistance to Streptomycin","Mycobacterium tuberculosis rpsL mutations conferring resistance to Streptomycin","NP_215196.1","NC_000962.3","antibiotic-resistant rpsL","aminoglycoside antibiotic","antibiotic target alteration","Mtub_rpsL_STR"
"190","KBIJPGLP_00740","gb|YP_177995.1|ARO:3004957|Mtub_clpC1_PZA","6final_SemiBin_15.fa_PROKKA_07062024.faa.CARDbins.txt","6final_SemiBin_15.fa","CARD-ARGs","ARO:3004957",43143,8823,3705,"Mycobacterium tuberculosis clpC1 with mutation conferring resistance to pyrazinamide","Mycobacterium tuberculosis clpC1 with mutation conferring resistance to pyrazinamide","YP_177995.1","NC_000962.3","pyrazinamide resistant clpC1","pyrazine antibiotic","antibiotic target alteration","Mtub_clpC1_PZA"
"191","BFPBLHFJ_00800","gb|NP_215196.1|ARO:3003395|Mtub_rpsL_STR","6final_SemiBin_18.fa_PROKKA_07062024.faa.CARDbins.txt","6final_SemiBin_18.fa","CARD-ARGs","ARO:3003395",39979,8803,1197,"Mycobacterium tuberculosis rpsL mutations conferring resistance to Streptomycin","Mycobacterium tuberculosis rpsL mutations conferring resistance to Streptomycin","NP_215196.1","NC_000962.3","antibiotic-resistant rpsL","aminoglycoside antibiotic","antibiotic target alteration","Mtub_rpsL_STR"
"192","MGPGPGFJ_01348","gb|YP_177995.1|ARO:3004957|Mtub_clpC1_PZA","6final_SemiBin_22.fa_PROKKA_07062024.faa.CARDbins.txt","6final_SemiBin_22.fa","CARD-ARGs","ARO:3004957",43143,8823,3705,"Mycobacterium tuberculosis clpC1 with mutation conferring resistance to pyrazinamide","Mycobacterium tuberculosis clpC1 with mutation conferring resistance to pyrazinamide","YP_177995.1","NC_000962.3","pyrazinamide resistant clpC1","pyrazine antibiotic","antibiotic target alteration","Mtub_clpC1_PZA"
"193","PMOAHBGC_00203","gb|AAF67494.2|ARO:3002522|novA","6final_SemiBin_27.fa_PROKKA_07062024.faa.CARDbins.txt","6final_SemiBin_27.fa","CARD-ARGs","ARO:3002522",38922,8215,1210,"novA","novA","AAF67494.2","AF170880.4","ATP-binding cassette (ABC) antibiotic efflux pump","aminocoumarin antibiotic","antibiotic efflux","novA"
"194","PMOAHBGC_00874","gb|NP_215196.1|ARO:3003395|Mtub_rpsL_STR","6final_SemiBin_27.fa_PROKKA_07062024.faa.CARDbins.txt","6final_SemiBin_27.fa","CARD-ARGs","ARO:3003395",39979,8803,1197,"Mycobacterium tuberculosis rpsL mutations conferring resistance to Streptomycin","Mycobacterium tuberculosis rpsL mutations conferring resistance to Streptomycin","NP_215196.1","NC_000962.3","antibiotic-resistant rpsL","aminoglycoside antibiotic","antibiotic target alteration","Mtub_rpsL_STR"
"195","PMOAHBGC_01385","gb|NP_214520.1|ARO:3003295|Mtub_gyrA_FLO","6final_SemiBin_27.fa_PROKKA_07062024.faa.CARDbins.txt","6final_SemiBin_27.fa","CARD-ARGs","ARO:3003295",39879,8820,1935,"Mycobacterium tuberculosis gyrA conferring resistance to fluoroquinolones","Mycobacterium tuberculosis gyrA conferring resistance to fluoroquinolones","NP_214520.1","NC_000962.3","fluoroquinolone resistant gyrA","fluoroquinolone antibiotic;nybomycin-like antibiotic","antibiotic target alteration","Mtub_gyrA_FLO"
"196","PMOAHBGC_01783","gb|AAB39605.1|ARO:3003361|Pros_EFTu_GE2A","6final_SemiBin_27.fa_PROKKA_07062024.faa.CARDbins.txt","6final_SemiBin_27.fa","CARD-ARGs","ARO:3003361",39945,3512,2257,"Planobispora rosea EF-Tu mutants conferring resistance to inhibitor GE2270A","Planobispora rosea EF-Tu mutants conferring resistance to inhibitor GE2270A","AAB39605.1","U67308.1","elfamycin resistant EF-Tu","elfamycin antibiotic","antibiotic target alteration","Pros_EFTu_GE2A"
"197","LADBFFGO_00133","gb|CAB11883.2|ARO:3007073|Bsub_rpoB_RIF","6final_SemiBin_31.fa_PROKKA_07062024.faa.CARDbins.txt","6final_SemiBin_31.fa","CARD-ARGs","ARO:3007073",45635,8438,5767,"Bacillus subtilis rpoB mutants conferring resistance to rifampin","Bacillus subtilis rpoB mutants conferring resistance to rifampin","CAB11883.2","AL009126.3","rifamycin-resistant beta-subunit of RNA polymerase (rpoB)","peptide antibiotic;rifamycin antibiotic","antibiotic target alteration;antibiotic target replacement","Bsub_rpoB_RIF"
"198","APLFEPIO_00148","gb|NP_216146.1|ARO:3004721|Mtub_rpsA_PZA","6final_SemiBin_32.fa_PROKKA_07062024.faa.CARDbins.txt","6final_SemiBin_32.fa","CARD-ARGs","ARO:3004721",42776,8802,3403,"Mycobacterium tuberculosis rpsA mutations conferring resistance to pyrazinamide","Mycobacterium tuberculosis rpsA mutations conferring resistance to pyrazinamide","NP_216146.1","NC_000962.3","pyrazinamide resistant rpsA","pyrazine antibiotic","antibiotic target alteration","Mtub_rpsA_PZA"
"199","GMMDBOBN_02645","gb|AAB39605.1|ARO:3003361|Pros_EFTu_GE2A","6final_SemiBin_4.fa_PROKKA_07062024.faa.CARDbins.txt","6final_SemiBin_4.fa","CARD-ARGs","ARO:3003361",39945,3512,2257,"Planobispora rosea EF-Tu mutants conferring resistance to inhibitor GE2270A","Planobispora rosea EF-Tu mutants conferring resistance to inhibitor GE2270A","AAB39605.1","U67308.1","elfamycin resistant EF-Tu","elfamycin antibiotic","antibiotic target alteration","Pros_EFTu_GE2A"
"200","BEOADDOE_00179","gb|YP_177995.1|ARO:3004957|Mtub_clpC1_PZA","6final_SemiBin_5.fa_PROKKA_07062024.faa.CARDbins.txt","6final_SemiBin_5.fa","CARD-ARGs","ARO:3004957",43143,8823,3705,"Mycobacterium tuberculosis clpC1 with mutation conferring resistance to pyrazinamide","Mycobacterium tuberculosis clpC1 with mutation conferring resistance to pyrazinamide","YP_177995.1","NC_000962.3","pyrazinamide resistant clpC1","pyrazine antibiotic","antibiotic target alteration","Mtub_clpC1_PZA"
"201","BEOADDOE_01390","gb|CAG39573.1|ARO:3003735|Saur_fusA_FA","6final_SemiBin_5.fa_PROKKA_07062024.faa.CARDbins.txt","6final_SemiBin_5.fa","CARD-ARGs","ARO:3003735",40390,3510,2254,"Staphylococcus aureus fusA with mutation conferring resistance to fusidic acid","Staphylococcus aureus fusA with mutation conferring resistance to fusidic acid","CAG39573.1","BX571856.1","antibiotic resistant fusA","fusidane antibiotic","antibiotic target alteration","Saur_fusA_FA"
"202","GOKOFOOO_01309","gb|YP_177995.1|ARO:3004957|Mtub_clpC1_PZA","6final_SemiBin_6.fa_PROKKA_07062024.faa.CARDbins.txt","6final_SemiBin_6.fa","CARD-ARGs","ARO:3004957",43143,8823,3705,"Mycobacterium tuberculosis clpC1 with mutation conferring resistance to pyrazinamide","Mycobacterium tuberculosis clpC1 with mutation conferring resistance to pyrazinamide","YP_177995.1","NC_000962.3","pyrazinamide resistant clpC1","pyrazine antibiotic","antibiotic target alteration","Mtub_clpC1_PZA"
"203","GOKOFOOO_01996","gb|YP_177995.1|ARO:3004957|Mtub_clpC1_PZA","6final_SemiBin_6.fa_PROKKA_07062024.faa.CARDbins.txt","6final_SemiBin_6.fa","CARD-ARGs","ARO:3004957",43143,8823,3705,"Mycobacterium tuberculosis clpC1 with mutation conferring resistance to pyrazinamide","Mycobacterium tuberculosis clpC1 with mutation conferring resistance to pyrazinamide","YP_177995.1","NC_000962.3","pyrazinamide resistant clpC1","pyrazine antibiotic","antibiotic target alteration","Mtub_clpC1_PZA"
"204","BDCBGDCE_00315","gb|YP_177995.1|ARO:3004957|Mtub_clpC1_PZA","6final_SemiBin_8.fa_PROKKA_07062024.faa.CARDbins.txt","6final_SemiBin_8.fa","CARD-ARGs","ARO:3004957",43143,8823,3705,"Mycobacterium tuberculosis clpC1 with mutation conferring resistance to pyrazinamide","Mycobacterium tuberculosis clpC1 with mutation conferring resistance to pyrazinamide","YP_177995.1","NC_000962.3","pyrazinamide resistant clpC1","pyrazine antibiotic","antibiotic target alteration","Mtub_clpC1_PZA"
"205","GJNLKJHO_00258","gb|NP_215196.1|ARO:3003395|Mtub_rpsL_STR","7final_SemiBin_0.fa_PROKKA_07062024.faa.CARDbins.txt","7final_SemiBin_0.fa","CARD-ARGs","ARO:3003395",39979,8803,1197,"Mycobacterium tuberculosis rpsL mutations conferring resistance to Streptomycin","Mycobacterium tuberculosis rpsL mutations conferring resistance to Streptomycin","NP_215196.1","NC_000962.3","antibiotic-resistant rpsL","aminoglycoside antibiotic","antibiotic target alteration","Mtub_rpsL_STR"
"206","GJNLKJHO_00259","gb|AJP09758.1|ARO:3004681|Cdif_rpoC_VAN","7final_SemiBin_0.fa_PROKKA_07062024.faa.CARDbins.txt","7final_SemiBin_0.fa","CARD-ARGs","ARO:3004681",42730,5565,3380,"Clostridioides difficile rpoC with mutation conferring resistance to vancomycin","Clostridioides difficile rpoC with mutation conferring resistance to vancomycin","AJP09758.1","CP010905.2","vancomycin-resistant beta prime subunit of RNA polymerase (rpoC)","glycopeptide antibiotic","antibiotic target alteration","Cdif_rpoC_VAN"
