"","Katlengo_Contigs","Sample_1","Sample_2","Sample_3","Sample_4","Sample_5","Sample_6","Sample_7"
"1","1B45_contig_1",0.00138209172436541,0.000938342052628694,0.00142409739020551,0.00149547676063008,0.00341475204609813,0.000788048857955831,0.000612166746059403
"2","1B45_contig_10",0.00167908745534018,0.00212311916248352,0.00225659550394785,0.00273564366868294,0.00433307662464577,0.00243053964678306,0.00196190579941844
"3","1B45_contig_100",0.000124245432252577,1.62871082760443e-05,4.04099222927297e-06,0,1.75058856975951e-06,3.59497120329204e-06,7.55761414888152e-06
"4","1B45_contig_101",2.58844650526201e-06,2.71451804600739e-06,0,5.82950368946374e-06,1.40047085580761e-05,5.39245680493807e-06,0
"5","1B45_contig_102",7.76533951578604e-06,0,0,1.94316789648791e-06,1.75058856975951e-06,0,0
"6","1B45_contig_103",5.17689301052403e-06,0,0,1.94316789648791e-06,0,0,0
"7","1B45_contig_104",7.76533951578604e-06,2.71451804600739e-06,6.06148834390945e-06,3.88633579297582e-06,2.80094171161522e-05,7.18994240658409e-06,7.55761414888152e-06
"8","1B45_contig_105",0,5.42903609201478e-06,0,0,7.00235427903804e-06,0,0
"9","1B45_contig_106",2.58844650526201e-06,2.71451804600739e-06,6.06148834390945e-06,1.94316789648791e-06,2.45082399766331e-05,1.79748560164602e-06,0
"10","1B45_contig_107",7.76533951578604e-06,0,0,0,0,0,0
"11","1B45_contig_108",2.07075720420961e-05,0,0,0,3.50117713951902e-06,0,0
"12","1B45_contig_109",3.21961899703261e-06,5.42903609201478e-06,6.06148834390945e-06,1.94316789648791e-06,5.25176570927853e-06,1.79748560164602e-06,0
"13","1B45_contig_11",0.00139545647346273,0.00163978892676522,0.00171042273556707,0.00166998631231357,0.00246003656037808,0.0016780029661999,0.00123721555106973
"14","1B45_contig_110",7.76533951578604e-06,0,0,1.94316789648791e-05,3.50117713951902e-06,0,0
"15","1B45_contig_111",2.32960185473581e-05,0,0,0,0,0,0
"16","1B45_contig_112",7.76533951578604e-06,2.71451804600739e-06,0,1.94316789648791e-06,5.25176570927853e-06,0,0
"17","1B45_contig_113",0,0,4.04099222927297e-06,0,3.50117713951902e-06,0,2.51920471629384e-06
"18","1B45_contig_114",0,0,0,1.94316789648791e-06,7.00235427903804e-06,0,0
"19","1B45_contig_115",3.36498045684062e-05,2.71451804600739e-06,0,0,0,0,0
"20","1B45_contig_116",1.55306790315721e-05,0,0,0,0,0,0
"21","1B45_contig_117",7.76533951578604e-06,0,0,0,3.50117713951902e-06,0,0
"22","1B45_contig_118",0,5.42903609201478e-06,2.22254572610013e-05,5.82950368946374e-06,8.75294284879755e-06,0,0
"23","1B45_contig_119",5.17689301052403e-06,0,0,0,3.50117713951902e-06,1.79748560164602e-06,0
"24","1B45_contig_12",0.000452978138420852,0.000350172827934953,0.000838313457835098,0.000707835104173676,0.00141755835792444,0.000290037076255049,0.000418433141683821
"25","1B45_contig_120",1.29422325263101e-05,0,0,0,3.50117713951902e-06,0,0
"26","1B45_contig_121",5.17689301052403e-06,0,0,1.94316789648791e-06,0,0,0
"27","1B45_contig_122",0,5.42903609201478e-06,0,0,5.25176570927853e-06,0,0
"28","1B45_contig_123",5.17689301052403e-06,0,0,0,3.50117713951902e-06,0,0
"29","1B45_contig_124",0.0125359743576764,0.00751485852585089,0.00833466777654097,0.00910084840468552,0.010211165758214,0.00616446312840442,0.00621950557235919
"30","1B45_contig_125",0,0,0,0,1.75058856975951e-06,0,0
"31","1B45_contig_126",0.00380256929195617,0.0018046591139883,0.00198438407835414,0.00176509152195713,0.00209154611540501,0.00147292729906942,0.00143186487112036
"32","1B45_contig_127",0,0,0,0,5.25176570927853e-06,0,0
"33","1B45_contig_128",5.17689301052403e-06,0,0,0,1.57552971278356e-05,0,0
"34","1B45_contig_129",1.03537860210481e-05,0,0,0,0,0,0
"35","1B45_contig_13",0.00101208258355745,0.00115909920564516,0.00140742985414302,0.00126860963794184,0.00195076476082747,0.00124554163118577,0.000866606422405081
"36","1B45_contig_130",2.32960185473581e-05,0,0,1.94316789648791e-06,5.25176570927853e-06,0,0
"37","1B45_contig_131",0.00842408213037806,0.00308215408784742,0.00336636130334388,0.0033520089001152,0.00418563296195569,0.00318612973813207,0.00309693649625887
"38","1B45_contig_132",0,0,0,0,5.25176570927853e-06,0,0
"39","1B45_contig_133",2.58844650526201e-06,0,4.04099222927297e-06,0,5.25176570927853e-06,1.79748560164602e-06,0
"40","1B45_contig_134",0,0,2.02049611463648e-06,0,0,0,0
"41","1B45_contig_135",0.000181083342962286,0.000254523233890163,0.000171377131108072,0.000141529230350043,0.000241019174224417,0.000222209923175568,0.000209030481426328
"42","1B45_contig_136",1.55306790315721e-05,0,0,0,0,0,0
"43","1B45_contig_137",0,0,0,0,1.75058856975951e-06,0,0
"44","1B45_contig_138",1.03537860210481e-05,0,0,0,0,0,0
"45","1B45_contig_139",0,0,2.02049611463648e-06,0,3.50117713951902e-06,0,0
"46","1B45_contig_14",0.000360905025041362,0.000217161443680591,0.0003119187028527,0.000261718668346818,0.0011817853770928,0.000143039624999278,0.000133517849963574
"47","1B45_contig_140",1.03537860210481e-05,0,2.02049611463648e-06,0,3.50117713951902e-06,0,0
"48","1B45_contig_141",2.58844650526201e-06,2.71451804600739e-06,0,1.55453431719033e-05,5.25176570927853e-06,0,0
"49","1B45_contig_142",0,0,0,1.94316789648791e-06,0,0,0
"50","1B45_contig_143",5.17689301052403e-06,8.14355413802217e-06,2.02049611463648e-06,3.88633579297582e-06,7.00235427903804e-06,0,0
"51","1B45_contig_144",0,0,0,0,0,0,0
"52","1B45_contig_145",0,0,0,0,0,0,0
"53","1B45_contig_146",0,0,0,0,3.50117713951902e-06,0,0
"54","1B45_contig_147",0,0,4.04099222927297e-06,0,0,0,0
"55","1B45_contig_148",0,0,2.02049611463648e-06,1.16590073789275e-05,0,0,0
"56","1B45_contig_149",0,0,0,0,0,0,0
"57","1B45_contig_15",0.00094927735854029,0.000386476757548017,0.000380604554092859,0.000501651728375278,0.00135707718492908,0.000364297823987486,0.000342611841415962
"58","1B45_contig_150",7.76533951578604e-06,0,0,0,5.25176570927853e-06,0,0
"59","1B45_contig_151",2.58844650526201e-06,0,0,0,1.75058856975951e-06,0,0
"60","1B45_contig_152",0,0,0,0,5.25176570927853e-06,0,0
"61","1B45_contig_153",2.58844650526201e-06,2.71451804600739e-06,0,0,1.75058856975951e-06,0,0
"62","1B45_contig_154",0,0,0,0,1.75058856975951e-06,0,0
"63","1B45_contig_155",0,0,0,0,0,0,0
"64","1B45_contig_156",0,0,0,0,1.05035314185571e-05,0,0
"65","1B45_contig_157",0,0,0,0,5.25176570927853e-06,0,0
"66","1B45_contig_158",0,0,0,0,0,0,0
"67","1B45_contig_159",0,0,0,0,0,0,0
"68","1B45_contig_16",0.000396032315305088,0.000225304997818613,0.000240439037641742,0.000254554994439917,0.0010635283737232,0.000143798848131682,6.2980117907346e-05
"69","1B45_contig_160",0,0,0,1.94316789648791e-06,5.25176570927853e-06,0,0
"70","1B45_contig_161",0,0,0,0,2.45082399766331e-05,0,0
"71","1B45_contig_162",0,2.71451804600739e-06,4.04099222927297e-06,0,3.50117713951902e-06,0,0
"72","1B45_contig_163",0,2.71451804600739e-06,2.02049611463648e-06,0,3.50117713951902e-06,0,0
"73","1B45_contig_164",0,0,0,0,1.75058856975951e-06,0,0
"74","1B45_contig_165",0,0,0,0,5.25176570927853e-06,0,0
"75","1B45_contig_166",0,0,0,0,0,0,2.51920471629384e-06
"76","1B45_contig_167",0,0,8.08198445854594e-06,1.94316789648791e-06,8.75294284879755e-06,0,0
"77","1B45_contig_168",0,2.71451804600739e-06,0,0,0,0,0
"78","1B45_contig_169",5.17689301052403e-06,0,0,0,0,0,0
"79","1B45_contig_17",0.000569458231157643,0.000601619648237861,0.000606727701424808,0.000547862012381016,0.00169312383108922,0.000440888768937672,0.000493764124393593
"80","1B45_contig_170",0,0,0,0,0,0,0
"81","1B45_contig_171",5.17689301052403e-06,1.90016263220517e-05,2.02049611463648e-06,0,7.84087389149548e-06,1.79748560164602e-06,2.51920471629384e-06
"82","1B45_contig_172",0,0,0,1.94316789648791e-06,0,0,0
"83","1B45_contig_173",0,0,4.04099222927297e-06,7.77267158595165e-06,0,0,0
"84","1B45_contig_174",0,0,0,0,0,0,0
"85","1B45_contig_175",5.17689301052403e-06,0,0,0,0,0,0
"86","1B45_contig_176",0.000207213821989078,0.000181989631802228,0.000226201954108807,0.000220521900700877,0.000277080863544227,0.000231103829398326,0.000193884303527864
"87","1B45_contig_177",0,5.42903609201478e-06,0,5.82950368946374e-06,0,0,0
"88","1B45_contig_178",0,0,0,0,0,0,0
"89","1B45_contig_179",2.58844650526201e-06,0,0,0,0,0,0
"90","1B45_contig_18",0.000415615984405297,0.000387480556237659,0.000378711676029705,0.000456695733935593,0.000882799996487327,0.0002119691386126,0.000128479440530986
"91","1B45_contig_180",0,0,0,1.94316789648791e-06,3.50117713951902e-06,0,0
"92","1B45_contig_181",2.58844650526201e-06,5.42903609201478e-06,0,1.94316789648791e-06,1.54482687492136e-05,0,2.51920471629384e-06
"93","1B45_contig_182",0,0,0,0,0,0,0
"94","1B45_contig_183",0,0,0,0,5.25176570927853e-06,0,0
"95","1B45_contig_184",0,0,0,0,1.75058856975951e-06,0,0
"96","1B45_contig_185",0,0,0,0,0,0,0
"97","1B45_contig_186",0,0,0,0,3.50117713951902e-06,0,0
"98","1B45_contig_187",5.17689301052403e-06,0,0,0,1.75058856975951e-06,0,0
"99","1B45_contig_188",0,0,0,0,0,0,0
"100","1B45_contig_189",0,0,0,0,0,0,0
"101","1B45_contig_19",0.000423794368822667,0.000489093497562723,0.00114513766430706,0.000956221738498252,0.00155969305731311,0.000408029231573647,0.000352688660281138
"102","1B45_contig_190",5.17689301052403e-06,2.71451804600739e-06,0,0,5.25176570927853e-06,0,0
"103","1B45_contig_191",0,8.14355413802217e-06,6.06148834390945e-06,3.88633579297582e-06,1.05035314185571e-05,1.07849136098761e-05,2.51920471629384e-06
"104","1B45_contig_192",0,0,0,0,0,0,0
"105","1B45_contig_193",0,0,0,3.88633579297582e-06,0,1.79748560164602e-06,0
"106","1B45_contig_194",0,0,0,0,0,0,0
"107","1B45_contig_195",5.17689301052403e-06,0,6.06148834390945e-06,0,1.40047085580761e-05,1.79748560164602e-06,0
"108","1B45_contig_196",0,0,0,0,1.75058856975951e-06,0,0
"109","1B45_contig_197",0,0,0,1.94316789648791e-06,3.50117713951902e-06,0,0
"110","1B45_contig_198",0,0,0,0,0,0,2.51920471629384e-06
"111","1B45_contig_199",0,0,0,0,0,0,0
"112","1B45_contig_2",0.00189507027255986,0.00282370268509169,0.00301440106253873,0.00266446724195583,0.00499787104252531,0.0022297119881793,0.00149145095130063
"113","1B45_contig_20",0.00037273629675773,0.000445180959545212,0.000312901934220772,0.000254554994439917,0.000966070468924853,0.000225237517433663,0.000193978763154626
"114","1B45_contig_200",0,0,2.02049611463648e-06,0,1.75058856975951e-06,1.79748560164602e-06,0
"115","1B45_contig_201",0,0,0,0,0,0,0
"116","1B45_contig_202",0.00012668860416045,0.000153570331921325,4.41692623586957e-05,6.88664151760669e-05,0.000122008934718943,0.000224685024008792,0.000118820805155376
"117","1B45_contig_203",0,0,0,1.96896048226991e-06,1.75058856975951e-06,0,0
"118","1B45_contig_204",0,0,0,0,0,0,0
"119","1B45_contig_205",0,0,0,0,6.18726692347568e-06,0,0
"120","1B45_contig_206",0,0,0,0,0,0,0
"121","1B45_contig_207",0,0,4.04099222927297e-06,0,3.50117713951902e-06,0,0
"122","1B45_contig_208",0,0,0,0,0,0,0
"123","1B45_contig_209",2.58844650526201e-06,0,0,1.94316789648791e-06,0,0,0
"124","1B45_contig_21",0.000367559403747206,0.000218268377134257,0.000353576143698914,0.000316704604937614,0.00124103770729572,0.000145596333733328,0.000110845007516929
"125","1B45_contig_210",0,0,0,3.06752299396351e-06,1.75058856975951e-06,0,2.51920471629384e-06
"126","1B45_contig_211",2.58844650526201e-06,0,0,1.94316789648791e-06,0,0,0
"127","1B45_contig_22",0.000880559400768702,0.000562901427660252,0.000472370487160172,0.000452216288957151,0.0011285522992415,0.000342404015063576,0.000384566196596758
"128","1B45_contig_23",0.000471640991235881,0.00041419990475914,0.00047102489562705,0.000398662043228146,0.00119388061578535,0.000598195723395847,0.000420707187621071
"129","1B45_contig_24",0.000595342696210263,0.000753655591611883,0.000860119568500796,0.000844059866326779,0.00142497909578424,0.000762568826496779,0.000531552195138
"130","1B45_contig_25",0.000401209208315612,0.000377318008395027,0.00040814021515657,0.00044449353327926,0.0010151714329041,0.000523068310078992,0.000419670333522614
"131","1B45_contig_26",0.000284729115578822,0.000268737286554732,0.000264684991017379,0.000308963695541578,0.00126567553593613,0.000195925930579416,0.000143594668828749
"132","1B45_contig_27",0.000898830658345596,0.00110271272271027,0.0010276708160026,0.000780619583253337,0.00152033276331055,0.000922204864071118,0.000749454086375662
"133","1B45_contig_28",0.000591816052555441,0.00055820120666208,0.00061073447445683,0.000550166824122084,0.00129583255630981,0.0007268402499273,0.000538399782315975
"134","1B45_contig_29",0.000432270566378756,0.000362406875691927,0.000416222199615116,0.000355599725057288,0.000939656366872506,0.000174356103359664,0.00019649796787092
"135","1B45_contig_3",0.000750220125215403,0.00094804820297146,0.00106289008332578,0.000973846405026403,0.0023802790712318,0.00057528221735067,0.000503840943258768
"136","1B45_contig_30",0.000252271435599139,0.000271451804600739,0.000212152092036831,0.000215368126879922,0.000808771919228894,0.000203115872986001,8.38623934506577e-05
"137","1B45_contig_31",0.000541859251127042,0.000292854863949348,0.000319973572235006,0.000206122370780236,0.000966875040802073,0.000159008213854388,9.32105745028721e-05
"138","1B45_contig_32",0.000384578240151182,0.000224443041606527,0.000150045928153853,0.000123621597654093,0.000521474951915139,0.00018221178064411,0.000123441031098398
"139","1B45_contig_33",0.000521416408904898,0.000522325832777933,0.000557002461859078,0.00050270294902145,0.00132521685561985,0.000542484260211227,0.00034765025084855
"140","1B45_contig_34",0.000254830048637137,0.000236163070002643,0.000234377549297832,0.000228615025531814,0.000606793399754704,0.000267825354645257,0.000171305920707981
"141","1B45_contig_35",0.000248490864505153,0.000338652428878581,0.000358949826998194,0.000326831343271845,0.000665025905325793,0.000182080972386907,0.000186421149005744
"142","1B45_contig_36",0.000201898827410437,0.000311975176946167,0.000292234418719896,0.00028714133000339,0.000645162891847782,0.000266311585022506,0.000189600038824803
"143","1B45_contig_37",0.00168453724850778,0.0021528098002372,0.00272394487480355,0.00267003920455434,0.00337907790900694,0.00285260805617579,0.00198883071793387
"144","1B45_contig_38",0.000223585851940126,0.000244306624140665,0.000220834998683898,0.000379067628645354,0.000581422199657462,0.000394777918950439,0.000186421149005744
"145","1B45_contig_39",9.83609671999565e-05,7.87210233342143e-05,8.68813329293688e-05,6.99540442735649e-05,0.000413138902463244,3.23547408296284e-05,1.00768188651754e-05
"146","1B45_contig_4",0.000962902099957469,0.000756511091234806,0.000774758806176607,0.000910699795090097,0.00211982194577598,0.000640004686569342,0.000440860825351422
"147","1B45_contig_40",0.000139776111284149,0.000127582348162347,0.000191106305996647,0.000234135439759089,0.000280094171161522,0.000198877357151489,9.32105745028721e-05
"148","1B45_contig_41",0.000468508817452425,0.000314884093336857,0.000219668151886895,0.000235123315475037,0.000588197759439195,0.000442181458004921,0.000309862180104142
"149","1B45_contig_42",0.000165278544277484,0.000287738912876783,0.000280081936041864,0.000157906993669889,0.000457875974780929,0.000130994433455427,8.44024365650157e-05
"150","1B45_contig_43",0.000163072129831507,0.000122153312070333,7.87993484708229e-05,0.00011117619381213,0.000481411856683865,0.000104254164895469,6.2980117907346e-05
"151","1B45_contig_44",0.000160483683326245,0.000105866203794288,9.29428212732783e-05,3.69201900332703e-05,0.000343115359672864,1.97723416181062e-05,1.25960235814692e-05
"152","1B45_contig_45",0.000831576266345631,0.000374076263396756,0.000417412235127836,0.000328944656691219,0.000779392986556754,0.000297908631073464,0.000226052234510495
"153","1B45_contig_46",0.000112306559463058,7.05774691961921e-05,6.1077825727256e-05,5.44087011016615e-05,0.000287671764168348,1.97723416181062e-05,1.25960235814692e-05
"154","1B45_contig_47",0.000134599218273625,0.000100437167702273,0.000178170273236001,0.000137943738054514,0.000306820648147857,2.51647984230443e-05,2.26728424466446e-05
"155","1B45_contig_48",0.00039862076181035,0.000705774691961921,0.00104405698355595,0.00121790022441829,0.0016274612490018,0.000577489180585858,0.000725530958292626
"156","1B45_contig_49",0.000100949413705219,0.000222590479772606,0.000215353653995263,0.00016711243909796,0.000514189810206901,0.00014020387692839,0.000125960235814692
"157","1B45_contig_5",0.000565408376644012,0.000591764934029611,0.000402472518056097,0.000427496937227341,0.00177559709780605,0.000455029929498101,0.000328272991678392
"158","1B45_contig_50",0.000170837469347293,2.71451804600739e-06,4.04099222927297e-06,1.94316789648791e-06,4.37647142439878e-05,1.79748560164602e-06,0
"159","1B45_contig_51",0.000125599854163845,1.90016263220517e-05,0.000113147782419643,0.000184600950166352,0.000244222734127833,6.29119960576108e-05,3.77880707444076e-05
"160","1B45_contig_52",0.000124245432252577,0.000225304997818613,0.000157598696941646,0.000143794424340106,0.000620810773230035,8.62793088790091e-05,7.80953462051091e-05
"161","1B45_contig_53",0.000102222650816812,5.97193970121626e-05,5.52286714644731e-05,5.02331809519426e-05,9.97835484762921e-05,9.6460404851034e-06,2.51920471629384e-05
"162","1B45_contig_54",0.000139776111284149,4.8861324828133e-05,2.82869456049108e-05,3.10906863438066e-05,0.000161054148417875,1.25823992115222e-05,2.51920471629384e-06
"163","1B45_contig_55",0.000155306790315721,9.7722649656266e-05,0.000133352743566008,0.000294274253697009,0.000331015546513249,0.000147561730671536,9.06913697865783e-05
"164","1B45_contig_56",0.000446157447731111,0.000626338515787257,0.000750454471277526,0.000691136750637985,0.00103559236258759,0.000436362977622528,0.000475854461766379
"165","1B45_contig_57",0.000220104910567037,0.000190694609334913,0.00015743561158762,0.000153122284081797,0.000485969542308911,0.000111296739455792,9.06913697865783e-05
"166","1B45_contig_58",0.000507335515031355,0.000216260442996052,0.000306531266990566,0.000292862112052478,0.000557246245140313,6.65069672609028e-05,0.000193978763154626
"167","1B45_contig_59",0.000357584297616126,0.00024973566023268,0.000249086946708769,0.000283702512887235,0.000544433045195208,0.000422409116386815,0.000221690015033858
"168","1B45_contig_6",0.000921554747966462,0.000694916619777892,0.000885930378959707,0.000808357844938972,0.00194280817490953,0.000605163527383165,0.000503840943258768
"169","1B45_contig_60",5.69458231157643e-05,0.000184587227128502,0.000165680681400192,0.000112703737996299,0.000457567205249402,0.000107849136098761,5.79417084747583e-05
"170","1B45_contig_61",0.000183779701873603,5.15758428741404e-05,5.25328989805486e-05,4.08065258262462e-05,0.000168056502696913,7.18994240658409e-06,1.00768188651754e-05
"171","1B45_contig_62",9.31840741894325e-05,0.000172390126343795,0.000159155415868391,0.000102987898513859,0.000270617454656525,9.52667368872392e-05,9.77710153154448e-05
"172","1B45_contig_63",5.88323573897354e-05,2.98596985060813e-05,3.83894261780932e-05,3.10906863438066e-05,0.000168056502696913,1.79748560164602e-06,5.03840943258768e-06
"173","1B45_contig_64",6.72996091368124e-05,7.87210233342143e-05,7.47583562415499e-05,4.97629357319921e-05,0.000218823571219939,3.77471976345665e-05,2.01536377303507e-05
"174","1B45_contig_65",8.02418416631224e-05,5.42903609201478e-05,3.63689300634567e-05,7.96698837560044e-05,0.000201317685522344,1.43798848131682e-05,7.55761414888152e-06
"175","1B45_contig_66",0.000600519589220787,5.42903609201478e-06,1.21229766878189e-05,5.82950368946374e-06,2.62588285463927e-05,8.98742800823011e-06,2.51920471629384e-06
"176","1B45_contig_67",7.24765021473364e-05,1.62871082760443e-05,4.04099222927297e-06,9.71583948243956e-06,8.05270742089375e-05,3.59497120329204e-06,5.03840943258768e-06
"177","1B45_contig_68",0.000149361187997833,0.000139731811766785,0.000183642064802996,0.000221234822385376,0.000328045429165509,8.64990227399869e-05,0.000101197139374903
"178","1B45_contig_69",4.65920370947163e-05,8.14355413802217e-06,1.41434728024554e-05,3.88633579297582e-06,4.90164799532663e-05,3.41522264312744e-05,1.00768188651754e-05
"179","1B45_contig_7",0.00114443795296005,0.00146703717522221,0.0012798934801298,0.00163152044291058,0.00282707350457422,0.000903475896845301,0.000903125161937878
"180","1B45_contig_70",4.14151440841922e-05,5.42903609201478e-06,1.21229766878189e-05,2.91475184473187e-05,2.80094171161522e-05,0,0
"181","1B45_contig_71",1.81191255368341e-05,2.17161443680591e-05,6.06148834390945e-06,1.55453431719033e-05,4.02635371044687e-05,3.59497120329204e-06,5.03840943258768e-06
"182","1B45_contig_72",4.65920370947163e-05,5.42903609201478e-06,4.2294671143399e-06,0,2.45082399766331e-05,1.79748560164602e-06,0
"183","1B45_contig_73",5.17689301052403e-05,0,0,1.94316789648791e-06,7.00235427903804e-06,0,0
"184","1B45_contig_74",5.17689301052403e-06,1.35725902300369e-05,2.82869456049108e-05,4.85791974121978e-05,0.000154051794138837,2.26614988978115e-05,4.7864889609583e-05
"185","1B45_contig_75",2.07075720420961e-05,2.71451804600739e-06,0,1.94316789648791e-06,1.40047085580761e-05,0,0
"186","1B45_contig_76",2.84729115578822e-05,2.71451804600739e-06,4.04099222927297e-06,3.88633579297582e-06,4.02635371044687e-05,3.59497120329204e-06,5.03840943258768e-06
"187","1B45_contig_77",8.28302881683845e-05,2.71451804600739e-06,2.02049611463648e-06,3.88633579297582e-06,8.75294284879755e-06,0,0
"188","1B45_contig_78",1.29422325263101e-05,5.42903609201478e-06,4.04099222927297e-06,3.88633579297582e-06,1.40047085580761e-05,0,0
"189","1B45_contig_79",2.58844650526201e-05,2.71451804600739e-06,2.02049611463648e-06,1.94316789648791e-06,8.75294284879755e-06,0,0
"190","1B45_contig_8",0.00106126306715743,0.000878699844250551,0.000746086310416029,0.000900424730801507,0.00202959382753979,0.000948796423265879,0.000675146863966749
"191","1B45_contig_80",3.36498045684062e-05,5.42903609201478e-06,8.08198445854594e-06,1.94316789648791e-06,4.20141256742282e-05,0,2.51920471629384e-06
"192","1B45_contig_81",1.03537860210481e-05,0,4.24032203484117e-06,1.94316789648791e-06,8.75294284879755e-06,0,2.51920471629384e-06
"193","1B45_contig_82",1.03537860210481e-05,9.22936135642512e-05,2.5329270182458e-05,1.16590073789275e-05,7.00235427903804e-05,5.88285103069887e-06,1.00768188651754e-05
"194","1B45_contig_83",2.58844650526201e-05,2.98596985060813e-05,2.22254572610013e-05,1.36021752754154e-05,8.75294284879755e-05,7.18994240658409e-06,0
"195","1B45_contig_84",2.32960185473581e-05,0,0,1.94316789648791e-06,1.75058856975951e-06,0,0
"196","1B45_contig_85",1.29422325263101e-05,0,0,0,1.05035314185571e-05,0,0
"197","1B45_contig_86",1.29422325263101e-05,5.42903609201478e-06,4.04099222927297e-06,0,1.75058856975951e-06,0,0
"198","1B45_contig_87",2.32960185473581e-05,5.42903609201478e-06,8.08198445854594e-06,1.94316789648791e-06,1.40047085580761e-05,1.79748560164602e-06,2.51920471629384e-06
"199","1B45_contig_88",1.03537860210481e-05,0,6.06148834390945e-06,3.88633579297582e-06,1.22541199883166e-05,1.79748560164602e-06,0
"200","1B45_contig_89",2.58844650526201e-06,0,2.02049611463648e-06,0,0,0,0
"201","1B45_contig_9",0.000845600530968016,0.000648769812995766,0.000650641825015861,0.000771437654905701,0.00153289153029024,0.000704859809045284,0.000450937644216597
"202","1B45_contig_90",3.36498045684062e-05,1.08580721840296e-05,1.01024805731824e-05,1.36021752754154e-05,8.15256139170185e-05,2.33673128213983e-05,4.03072754607015e-05
"203","1B45_contig_91",2.58844650526201e-06,1.35725902300369e-05,6.06148834390945e-06,5.82950368946374e-06,5.25176570927853e-06,0,0
"204","1B45_contig_92",2.07075720420961e-05,0,0,0,5.25176570927853e-06,0,0
"205","1B45_contig_93",1.55306790315721e-05,8.14355413802217e-06,2.02049611463648e-06,0,1.75058856975951e-05,0,0
"206","1B45_contig_94",9.57725206946945e-05,0,2.02049611463648e-06,0,1.40047085580761e-05,0,0
"207","1B45_contig_95",0.000155306790315721,0,6.06148834390945e-06,0,8.75294284879755e-06,0,0
"208","1B45_contig_96",3.36498045684062e-05,0,2.02049611463648e-06,0,1.75058856975951e-05,0,0
"209","1B45_contig_97",0,2.71451804600739e-06,4.04099222927297e-06,0,5.25176570927853e-06,0,0
"210","1B45_contig_98",2.58844650526201e-06,2.71451804600739e-06,0,0,0,0,0
"211","1B45_contig_99",5.17689301052403e-06,2.71451804600739e-06,2.02049611463648e-06,0,1.75058856975951e-06,0,0
"212","3D13_contig_1",0.0019252104097074,0.00161861828956611,0.00202531789528945,0.00152998721405667,0.00433248043101095,0.000779678443064877,0.000853566449060238
"213","3D13_contig_10",0.000685938323894434,0.000533088671945742,0.000533910509047003,0.000497624119841449,0.00180668771281775,0.00047988969033859,0.000447763225376378
"214","3D13_contig_11",0.000538284221896062,0.00030288821873808,0.000437382898269402,0.000393424005696528,0.00120852820282353,0.000382472065143164,0.000244362857480503
"215","3D13_contig_12",0.000502158622020831,0.000375540993733639,0.000285400023295348,0.000289794698588052,0.00124762032643854,0.000184251065983481,0.000168786715991687
"216","3D13_contig_13",0.00120449215917597,0.000900937283206337,0.000820915067178778,0.000843218849646758,0.00184524849125364,0.000951456021927373,0.000670108454534162
"217","3D13_contig_14",0.00141905618067225,0.00150149657919184,0.0014954008858586,0.00170773276638725,0.00269623800784827,0.00146433523506928,0.00101277494655597
"218","3D13_contig_15",0.000575130025782119,0.00104327590719855,0.00100326668742862,0.00112535385950207,0.00213062656184614,0.000740102000498232,0.000621603214799144
"219","3D13_contig_16",0.000505921042894944,0.000545775558836292,0.000421012869050565,0.000367233587483263,0.00103562825818934,0.000338558758908646,0.000256958881061972
"220","3D13_contig_17",0.000763354519884085,0.000459633567432649,0.000535333227844819,0.000654886464901981,0.00117152085896176,0.000587959226711022,0.000422783477088451
"221","3D13_contig_18",0.000301333010519814,0.000232742080778977,0.000248571038952947,0.000261347466960624,0.000819779255746684,0.000241018798530908,0.000123647557541602
"222","3D13_contig_19",0.00136745364954613,0.00110628479940402,0.00138108858561723,0.00142929352536336,0.00187117694859887,0.00142106494074654,0.000871644831837669
"223","3D13_contig_2",0.00216391062725224,0.00205902574977079,0.00208759105111734,0.00238749466221038,0.00481755535122821,0.00189521430057744,0.00149963192369352
"224","3D13_contig_20",0.000225194845957795,0.000252450178278687,0.00019129311988089,0.000196354426852459,0.000731746022159475,0.000130217890630172,0.00013099864524728
"225","3D13_contig_21",0.000227783292463057,0.000179158191036488,0.000183787612096226,0.000218651682360642,0.000749699826381629,0.000236094290424988,0.000204055582019801
"226","3D13_contig_22",0.000170837469347293,0.000155605912915495,0.000111325855535651,6.6434502815217e-05,0.000350980050609975,4.67346256427966e-05,4.03072754607015e-05
"227","3D13_contig_23",0.000263496685430766,0.000258866059166963,0.000307636945671769,0.000288168211694705,0.000679975657736154,0.000151353096435256,0.000139298743692694
"228","3D13_contig_24",0.000396032315305088,0.000396936909169779,0.000388713320999522,0.000365037090769121,0.000920826444245122,0.000279931942594912,0.000243059356173394
"229","3D13_contig_25",0.000528043087073451,0.000578660561611501,0.000561231106615931,0.000666279965301783,0.00104129556306126,0.00055621345007569,0.000434458992734162
"230","3D13_contig_26",0.000528096497393831,0.000234800648947061,0.000247392670462659,0.000193517166346803,0.000570141723446777,0.000142017165629117,0.000159434544282001
"231","3D13_contig_27",0.000113891646231529,5.70048789661552e-05,7.67788523561864e-05,6.6067708480589e-05,0.000386880073916852,5.57220536510267e-05,2.01536377303507e-05
"232","3D13_contig_28",0.000720596434353708,0.00108111488128944,0.00137025988071812,0.00164337979027889,0.0018228662284735,0.00106118361291188,0.00079235086569242
"233","3D13_contig_29",0.000745805747454578,0.000584083491143139,0.000523062330988474,0.000517661635362986,0.000831672407003314,0.000599245565203855,0.000513917762123944
"234","3D13_contig_3",0.00230319127493645,0.00129157655512945,0.00157819827770075,0.00160678428383549,0.00397917016088223,0.000977116767324999,0.000873512161764045
"235","3D13_contig_30",8.61295927139499e-05,0.000100437167702273,9.90043096171877e-05,9.80133807519868e-05,0.000495392584070673,8.0886852074071e-05,6.15371076589929e-05
"236","3D13_contig_31",0.000177236684318635,0.000222590479772606,0.000198008619234375,0.000193212075929061,0.000475729210972738,0.000284061852875915,0.000169823570090144
"237","3D13_contig_32",0.000348975307757592,0.000239863276010565,0.000177579693402596,0.000133521200554799,0.000429228742252558,0.000121612020730363,9.8739760325723e-05
"238","3D13_contig_33",9.83609671999565e-05,0.000149298492530406,8.68813329293688e-05,7.47596131074538e-05,0.00029845973276959,0.000106051650497115,8.81721650702844e-05
"239","3D13_contig_34",0.000478862603473473,1.35725902300369e-05,6.06148834390945e-06,3.88633579297582e-06,4.55153028137473e-05,0,2.51920471629384e-06
"240","3D13_contig_35",0.00017020689604092,0.00024879455960417,0.000230818337501844,0.000283320089164118,0.000446940974320063,0.000307433437768658,0.000186421149005744
"241","3D13_contig_36",0.000530631533578713,0.000694568861568364,0.00118709428004418,0.00124613062737189,0.000912858100164512,0.000848249509416965,0.000685223682831925
"242","3D13_contig_37",0.000212252613431485,0.00021532287009576,0.000207184257173825,0.000188920128670509,0.00035184329378682,0.000227878620284033,0.000128479440530986
"243","3D13_contig_38",0.000301456039591689,0.000437487992567929,0.000305517866411284,0.000352231338590237,0.000428961315257002,0.000297384174678763,0.000254724165866482
"244","3D13_contig_39",1.55306790315721e-05,1.62871082760443e-05,2.42459533756378e-05,1.55453431719033e-05,0.000112892076942505,1.07849136098761e-05,0
"245","3D13_contig_4",0.00133174117731235,0.00158877381042716,0.00176178307595569,0.00161060300387677,0.00438213734080849,0.00090747846517545,0.000750723005455565
"246","3D13_contig_40",8.43077738637047e-05,9.50081316102586e-05,9.01600239599607e-05,4.27496937227341e-05,0.000169807091266673,1.87340791488645e-05,2.51920471629384e-06
"247","3D13_contig_41",1.81191255368341e-05,2.71451804600739e-05,8.08198445854594e-06,2.3318014757855e-05,8.9280017057735e-05,2.0478155541693e-05,2.26728424466446e-05
"248","3D13_contig_42",3.62382510736682e-05,0.000190016263220517,0.000142302425742496,0.000131632706037839,0.000252957019630302,8.2684337675717e-05,0.00013099864524728
"249","3D13_contig_43",2.58844650526201e-06,2.71451804600739e-06,1.41434728024554e-05,2.91475184473187e-06,2.62588285463927e-05,5.39245680493807e-06,5.03840943258768e-06
"250","3D13_contig_44",1.81191255368341e-05,8.14355413802217e-06,1.21229766878189e-05,1.55453431719033e-05,6.30211885113424e-05,7.18994240658409e-06,0
"251","3D13_contig_45",0,0,2.02049611463648e-06,1.94316789648791e-06,2.97600056859117e-05,3.59497120329204e-06,0
"252","3D13_contig_46",0.0249200942000656,0.0107624872221235,0.0118109559638157,0.0115000700405917,0.0142042519017542,0.00965854491290932,0.00943972555696738
"253","3D13_contig_47",3.36498045684062e-05,0,8.08198445854594e-06,3.88633579297582e-06,3.32611828254307e-05,3.59497120329204e-06,0
"254","3D13_contig_48",0,0,2.02049611463648e-06,0,0,0,0
"255","3D13_contig_49",2.58844650526201e-06,0,0,1.94316789648791e-06,7.00235427903804e-06,0,0
"256","3D13_contig_5",0.00136267623457031,0.00154814162692153,0.00180868204928796,0.00169783787571494,0.00358397402339898,0.00115742153352896,0.000926603542103071
"257","3D13_contig_50",0,0,0,1.94316789648791e-06,5.25176570927853e-06,0,0
"258","3D13_contig_51",0,0,0,0,1.75058856975951e-06,0,0
"259","3D13_contig_52",0,4.61468067821256e-05,2.02049611463648e-05,1.16590073789275e-05,1.75058856975951e-06,0,0
"260","3D13_contig_53",0,0,4.04099222927297e-06,5.82950368946374e-06,1.05035314185571e-05,0,0
"261","3D13_contig_54",2.58844650526201e-06,8.14355413802217e-06,0,0,0,3.59497120329204e-06,0
"262","3D13_contig_55",0,0,0,0,0,0,0
"263","3D13_contig_56",0,0,0,0,0,0,0
"264","3D13_contig_6",0.00187251248705308,0.00178387534497339,0.00192273830627257,0.00165879052916834,0.00357032433641,0.00190624378171337,0.001283568569149
"265","3D13_contig_7",0.00165678174821095,0.00156334487659792,0.00159997811020211,0.00157135272182449,0.00342242206435173,0.00186887922309691,0.00134273611378462
"266","3D13_contig_8",0.00121536048772946,0.000934124395642261,0.000643883143453457,0.000732691754084075,0.00222008886891141,0.0011490538960753,0.000773889255866182
"267","3D13_contig_9",0.000748000073793344,0.000773637643112106,0.000706101314966054,0.000791770372420293,0.0021121368888509,0.000480821168949764,0.00044589923478401
"268","6D46_contig_1",0.00204806444385455,0.00169548608870139,0.00207336569394846,0.00151176743817431,0.00418573807766642,0.000786855465555735,0.000714509844821946
"269","6D46_contig_10",0.00070241693866154,0.000574118921184398,0.000718020624554191,0.000821080164260802,0.00188477442839209,0.00043289063705796,0.000435822415918834
"270","6D46_contig_11",0.000550580311712065,0.000325742165520887,0.000405798797606143,0.000453446775476674,0.00118751439725379,0.000340262841777958,0.000256958881061972
"271","6D46_contig_12",0.000447801245410328,0.000372718794698086,0.000358229443002856,0.00027723001597992,0.00115389282106627,0.000181376950329816,0.000136037054679867
"272","6D46_contig_13",0.000639339388420222,0.00104220528671185,0.000926492065095344,0.00106730562106167,0.00202190237913233,0.000734661220632326,0.00059466155272971
"273","6D46_contig_14",0.00121101676774444,0.00157966464397503,0.00155672622857343,0.00188134543849594,0.00263105479749757,0.00140072372373512,0.00101133691181485
"274","6D46_contig_15",0.000518214538445637,0.000551893089726472,0.000522747514415851,0.000402235754572998,0.00124295477936042,0.000389963708979827,0.000297266156522673
"275","6D46_contig_16",0.000658314207636531,0.00039638162062699,0.000424796848102261,0.000344683295467522,0.00128414678041692,0.000221859559231279,0.000227097464709667
"276","6D46_contig_17",0.000267198962948248,0.000273261390641611,0.000229384535787681,0.000262075328545225,0.00083401374499988,0.000223673022109545,0.000134120414191265
"277","6D46_contig_18",0.000678900048751577,0.000401077102183998,0.000528362247819659,0.000611496305799799,0.00110815575563351,0.00057533772293035,0.00040562035209809
"278","6D46_contig_19",0.00132914985821595,0.00104361349303384,0.00129490420792008,0.00144881712780001,0.00181045039970453,0.0013957108877877,0.000949740178042778
"279","6D46_contig_2",0.00251229760638694,0.00196438840051241,0.00211376584145078,0.00231347402721844,0.00503997995340926,0.00186724945711443,0.0014456386027041
"280","6D46_contig_20",0.000214841059936747,0.00023887758804865,0.000249085588838342,0.000174319315745367,0.000690311642628569,0.00016277226243813,0.00013099864524728
"281","6D46_contig_21",0.000261433097031463,0.000168300118852458,0.000156509917763605,0.00019912941538426,0.000762047642905739,0.000200489442021647,0.000166782063826612
"282","6D46_contig_22",0.000188956594884127,0.000146583974484399,8.89018290440053e-05,7.22898474121184e-05,0.000361509497282146,8.2684337675717e-05,6.54993226236399e-05
"283","6D46_contig_23",0.000290673731056225,0.00024024315338949,0.000316656037669204,0.000272090987574922,0.000629164764512495,0.00014919130493662,0.000101845512204899
"284","6D46_contig_24",0.000222684134468352,0.000255197024857974,0.000153441128484252,0.000123329241544958,0.000281458711780581,0.000115889073047115,0.000120921826382104
"285","6D46_contig_25",0.000484039496483997,0.000482513629472859,0.000469416528196562,0.000618923224785931,0.000952347904022856,0.000575195392526727,0.000454820272117563
"286","6D46_contig_26",0.000111303199726267,7.05774691961921e-05,9.29428212732783e-05,7.18972121700528e-05,0.00039213183962613,5.21270824477346e-05,2.77112518792322e-05
"287","6D46_contig_27",0.000173425915852555,0.000135725902300369,0.000134370321865428,0.000101044730617371,0.000387691606920818,9.52667368872392e-05,4.53456848932891e-05
"288","6D46_contig_28",0.000706120658543296,0.000926763060432429,0.00147770586883116,0.00135301603875588,0.00126443713697684,0.00108710755693514,0.000778434257334797
"289","6D46_contig_29",0.000754435388563062,0.000917951322290251,0.00140395225102774,0.00148666502790612,0.00170873214224326,0.00108321830348827,0.000720512972022152
"290","6D46_contig_3",0.00239534020505357,0.00128005010774317,0.00150834039129847,0.00150846960352792,0.00381572486599124,0.00099475272751028,0.000835227842591116
"291","6D46_contig_30",0.000786560523613675,0.000613904239871523,0.000479147328952796,0.000404794518475067,0.000884231301965672,0.000801831742019484,0.000535974531577017
"292","6D46_contig_31",0.000168851212479276,0.000222590479772606,0.000152832210741547,0.00024161993022695,0.000457459239088409,0.000225140856321584,0.000115883416949517
"293","6D46_contig_32",0.000129422325263101,0.000182465126880613,0.00021821358038074,0.000127118298177125,0.000499039121590726,0.000115039078505345,7.30569367725214e-05
"294","6D46_contig_33",0.000198088058944357,0.000181872709082495,0.000204070107578285,0.000190142774052697,0.000442829386591603,0.000265968741227768,0.00019649796787092
"295","6D46_contig_34",0.00058448385401577,0.000434014488113726,0.000315429621978176,0.000257865581919106,0.000528591067543244,0.000301486067345734,0.000262096892153266
"296","6D46_contig_35",6.21227161262883e-05,6.310672328982e-05,4.64714106366391e-05,1.74885110683912e-05,0.000264963279048988,2.69622840246903e-05,2.01536377303507e-05
"297","6D46_contig_36",0.000442624352399804,8.14355413802217e-06,1.01024805731824e-05,3.88633579297582e-06,6.47717770811019e-05,0,2.51920471629384e-06
"298","6D46_contig_37",0.000168249022842031,0.000195445299312532,0.00011516827853428,7.29211470256276e-05,0.000271085262329775,0.000127621477716868,5.29032990421707e-05
"299","6D46_contig_38",0.000211938537911813,0.000213388661057537,0.000252457573166562,0.000313170390864113,0.000451018375753282,0.000235192908433845,0.000201536377303507
"300","6D46_contig_39",0.000197771062478749,0.000222710207520475,0.000219547262619841,0.000230950682529453,0.000378127131068054,0.000121372092378891,0.00016024731408845
"301","6D46_contig_4",0.00129150502978959,0.00152633385169686,0.00170371292821812,0.00158095992932527,0.00418664126436248,0.000899216038013225,0.000762396852271246
"302","6D46_contig_40",3.36498045684062e-05,3.25742165520887e-05,3.43484339488202e-05,5.82950368946374e-06,0.00011818561426575,5.39245680493807e-06,2.51920471629384e-06
"303","6D46_contig_41",8.28302881683845e-05,6.51484331041773e-05,7.07173640122769e-05,2.52611826543429e-05,0.000159303559848115,2.51647984230443e-05,5.03840943258768e-06
"304","6D46_contig_42",5.03086735130005e-05,0.000216749359133646,0.000189058937057887,0.000152762891554665,0.000255454542379106,9.16717656839471e-05,0.00013099864524728
"305","6D46_contig_43",1.81191255368341e-05,1.35725902300369e-05,2.62664494902743e-05,1.16590073789275e-05,8.75294284879755e-05,8.98742800823011e-06,0
"306","6D46_contig_44",1.55306790315721e-05,5.42903609201478e-06,2.02049611463648e-06,1.45737592236593e-05,4.20141256742282e-05,0,0
"307","6D46_contig_45",2.84729115578822e-05,1.35725902300369e-05,4.04099222927297e-06,0,3.50117713951902e-06,0,5.03840943258768e-06
"308","6D46_contig_46",0.0249955090036529,0.010673794676434,0.0114588263146193,0.0109751579461927,0.0137983801454744,0.00933907514735461,0.00983527528011714
"309","6D46_contig_47",5.87880524181497e-06,1.08580721840296e-05,8.08198445854594e-06,1.94316789648791e-06,3.50117713951902e-05,1.25823992115222e-05,7.55761414888152e-06
"310","6D46_contig_48",2.58844650526201e-06,8.14355413802217e-06,1.01024805731824e-05,3.88633579297582e-06,2.80094171161522e-05,0,0
"311","6D46_contig_49",2.58844650526201e-06,0,0,0,0,0,0
"312","6D46_contig_5",0.0017409779862838,0.00192178371511654,0.0020275352051775,0.00173772913955596,0.00368598323001905,0.0019019480730567,0.00119624411922538
"313","6D46_contig_50",1.03537860210481e-05,0,0,0,0,0,0
"314","6D46_contig_51",0,0,0,0,3.50117713951902e-06,0,0
"315","6D46_contig_52",0,2.71451804600739e-06,0,0,7.00235427903804e-06,0,0
"316","6D46_contig_53",2.58844650526201e-06,0,0,0,0,0,0
"317","6D46_contig_54",2.58844650526201e-06,0,0,0,0,0,0
"318","6D46_contig_55",2.58844650526201e-06,2.71451804600739e-06,2.02049611463648e-06,0,5.25176570927853e-06,1.43798848131682e-05,1.25960235814692e-05
"319","6D46_contig_56",0,0,0,0,0,0,0
"320","6D46_contig_6",0.00165551172552012,0.00136164157325116,0.00126827924293611,0.00130434764118088,0.00334044993810639,0.00142328164664707,0.00103776754884615
"321","6D46_contig_7",0.00154759080664667,0.00172354092672225,0.00151490422168323,0.00154735131140653,0.00334399186955831,0.00190405934216883,0.00133517849963574
"322","6D46_contig_8",0.00112030262657502,0.00137269867447262,0.00160934951861784,0.00158637305505471,0.00326827605444172,0.000997787089532353,0.000772029756978088
"323","6D46_contig_9",0.00113205785857874,0.000930927680524483,0.000729273446921432,0.000840428696840331,0.00221162893078027,0.00106429063220512,0.00082545671866616
"324","C762_contig_1",0.00248232019854627,0.000279595358738761,0.000418243966161192,0.000281759344990747,0.000888165286062958,7.36969096674869e-05,0.000133517849963574
"325","C762_contig_10",0.00144308730470801,0.000219875961726599,0.000117827721767704,4.4692861619222e-05,0.000243331811196572,2.15698272197523e-05,4.28264801769953e-05
"326","C762_contig_100",0,0,0,0,0,0,0
"327","C762_contig_101",0,0,0,0,0,0,0
"328","C762_contig_102",0,0,0,0,0,0,0
"329","C762_contig_103",0,0,0,0,0,0,0
"330","C762_contig_104",0,0,0,0,0,0,0
"331","C762_contig_105",0,0,0,0,0,0,0
"332","C762_contig_106",0,0,0,0,0,0,0
"333","C762_contig_107",1.03537860210481e-05,0,0,0,0,0,0
"334","C762_contig_108",0,5.42903609201478e-06,0,0,0,0,0
"335","C762_contig_109",0,2.71451804600739e-06,0,0,0,0,0
"336","C762_contig_11",0.00113225363714098,3.61218589786781e-05,6.09475204736771e-05,4.71227197466979e-05,0.000215828723772899,1.82116000005756e-05,3.29612947469938e-05
"337","C762_contig_110",0,0,0,0,1.75058856975951e-06,0,0
"338","C762_contig_111",2.58844650526201e-06,0,0,0,0,0,0
"339","C762_contig_112",0,0,0,0,0,0,0
"340","C762_contig_113",0.00025878329845176,0.000442466441499204,0.000519612850550253,0.000557723099251886,0.000723674727306141,0.000626384226031162,0.000624786609556537
"341","C762_contig_114",0.00109870838499898,0.000830203583211514,0.000929033479713726,0.000947371200688383,0.00114865561324309,0.000671597660860263,0.000924704296896746
"342","C762_contig_115",2.61493655652594e-06,2.36203878216574e-05,3.428558118244e-05,2.25480003984281e-05,1.22541199883166e-05,5.39245680493807e-06,5.25565882439934e-05
"343","C762_contig_116",0,0,0,0,0,0,0
"344","C762_contig_117",0,0,0,0,0,0,0
"345","C762_contig_118",0,0,0,0,0,0,0
"346","C762_contig_119",0,0,0,0,0,0,0
"347","C762_contig_12",0.000688526770399696,6.24339150581699e-05,9.29428212732783e-05,0.000116900895947549,0.000317846873449032,3.23547408296284e-05,2.03326206235488e-05
"348","C762_contig_120",0,0,0,0,0,0,0
"349","C762_contig_121",0,0,0,0,0,0,0
"350","C762_contig_122",0,0,0,0,0,0,0
"351","C762_contig_123",1.49031079100393e-05,2.69271449769485e-05,4.41291046866163e-05,1.91958988068139e-05,1.3870041325721e-05,1.77770613546725e-05,7.75995397192064e-05
"352","C762_contig_124",0,0,0,0,3.50117713951902e-06,0,0
"353","C762_contig_125",0,0,0,0,0,0,0
"354","C762_contig_126",0,0,0,0,0,0,0
"355","C762_contig_127",2.58844650526201e-06,0,0,0,0,0,0
"356","C762_contig_128",0,0,0,0,0,0,0
"357","C762_contig_129",0,5.42903609201478e-06,1.33497064717053e-05,0,0,0,2.51920471629384e-06
"358","C762_contig_13",0.00926801691058236,0.000818157282291077,0.00120441054411017,0.00138188777180865,0.00139825540434972,0.00127404408162476,0.00076298540008688
"359","C762_contig_14",0.00041156299433666,0.00012838258374081,0.000268181976890412,0.000192733951554161,0.000376987185390037,3.48749040134119e-05,9.85932483760717e-05
"360","C762_contig_15",0.000551339105620809,8.41500594262291e-05,6.46558756683675e-05,3.30338542402945e-05,0.00017856003411547,2.15698272197523e-05,3.27496613118199e-05
"361","C762_contig_16",0.000639346286799717,2.17161443680591e-05,3.03074417195473e-05,1.16590073789275e-05,0.000147049439859799,1.43798848131682e-05,5.03840943258768e-06
"362","C762_contig_17",0.00162813285180981,2.44306624140665e-05,1.41434728024554e-05,9.71583948243956e-06,7.35247199298994e-05,3.59497120329204e-06,0
"363","C762_contig_18",0.000572046677662905,7.87210233342143e-05,5.88998663517524e-05,1.55453431719033e-05,0.00010853649132509,8.98742800823011e-06,1.25960235814692e-05
"364","C762_contig_19",0.00041156299433666,3.80032526441034e-05,8.89018290440053e-05,4.66360295157099e-05,0.000203068274092103,3.41522264312744e-05,4.53456848932891e-05
"365","C762_contig_2",0.00177276321942597,0.000157709040821718,0.000182543774628039,9.07034805211675e-05,0.00065495382994925,7.75351040429683e-05,7.83959655435777e-05
"366","C762_contig_20",0.00092423861578978,0.000230669561718185,0.000245438284194463,0.000268282439439779,0.000264731539333777,0.000163418506313182,0.000132940705337638
"367","C762_contig_21",0.00116344063281658,0.000872327471213434,0.000705268148102291,0.000843550793134513,0.00107736930981217,0.00112163446485348,0.000801822491999325
"368","C762_contig_22",0.000362382510736682,2.71451804600739e-05,2.82869456049108e-05,4.85791974121978e-05,0.000173308268406192,7.18994240658409e-06,1.00768188651754e-05
"369","C762_contig_23",0.00211476079479907,1.62871082760443e-05,3.63689300634567e-05,1.55453431719033e-05,0.000115538845604128,5.39245680493807e-06,5.03840943258768e-06
"370","C762_contig_24",0.0104366163092164,9.50081316102586e-05,5.36089689491023e-05,4.87303552092175e-05,0.000154051794138837,0.000102456679293823,6.59772912436549e-05
"371","C762_contig_25",0.000209664166926223,0.000122153312070333,5.53175641440483e-05,3.10906863438066e-05,8.5778839918216e-05,1.79748560164602e-05,4.28264801769953e-05
"372","C762_contig_26",0.000676508649373758,0.000427515939797574,0.000438060578252582,0.000262599814302942,0.000435310311096169,0.000246255527425505,0.000269554904643441
"373","C762_contig_27",0.000207075720420961,8.14355413802217e-06,2.82869456049108e-05,9.71583948243956e-06,0.000103284725615811,1.07849136098761e-05,1.00768188651754e-05
"374","C762_contig_28",0.000157895236820983,2.98596985060813e-05,2.22254572610013e-05,7.77267158595165e-06,7.00235427903804e-05,1.79748560164602e-06,1.00768188651754e-05
"375","C762_contig_29",0.000385810032436039,0.000126212709035769,0.000123860827758713,7.5624420720471e-05,0.000113415704978772,2.2708700344525e-05,9.82489839354598e-05
"376","C762_contig_3",0.00246161262650418,0.000168300118852458,0.000236398045412469,0.000132135416961178,0.000708988370752602,3.59497120329204e-05,0.000103731343131421
"377","C762_contig_30",0.000776533951578604,8.14355413802217e-06,2.42459533756378e-05,1.36021752754154e-05,0.000173308268406192,8.98742800823011e-06,5.03840943258768e-06
"378","C762_contig_31",0.000160483683326245,2.98596985060813e-05,2.02049611463648e-05,7.77267158595165e-06,4.20141256742282e-05,1.25823992115222e-05,2.77112518792322e-05
"379","C762_contig_32",7.76533951578604e-05,4.07177706901108e-05,3.83894261780932e-05,7.77267158595165e-06,5.42682456625448e-05,3.59497120329204e-06,1.25960235814692e-05
"380","C762_contig_33",0.000377913189768254,5.42903609201478e-06,2.02049611463648e-06,5.82950368946374e-06,2.45082399766331e-05,1.79748560164602e-06,0
"381","C762_contig_34",0.000248490864505153,8.14355413802217e-06,1.01024805731824e-05,3.88633579297582e-06,3.85129485347092e-05,0,0
"382","C762_contig_35",0.000183779701873603,8.14355413802217e-06,4.04099222927297e-06,1.94316789648791e-06,5.42682456625448e-05,3.59497120329204e-06,0
"383","C762_contig_36",0.000106126306715743,0.000165585600806451,0.000220234076495377,8.35562195489802e-05,0.000185562388394508,7.7291880870779e-05,0.000138556259396161
"384","C762_contig_37",0.000126833878757839,2.71451804600739e-06,8.08198445854594e-06,0,3.32611828254307e-05,0,0
"385","C762_contig_38",0.000121656985747315,8.14355413802217e-06,0,0,1.05035314185571e-05,0,0
"386","C762_contig_39",0.000163072129831507,0,4.04099222927297e-06,5.82950368946374e-06,3.32611828254307e-05,0,0
"387","C762_contig_4",0.0029177041102553,0.000909865542597357,0.000595041071614396,0.00061615930808184,0.00115533276706984,0.00129168253416171,0.000688063355011486
"388","C762_contig_40",9.83609671999565e-05,0,2.02049611463648e-06,0,8.75294284879755e-06,0,0
"389","C762_contig_41",0.000235548631978843,0,0,0,1.92564742673546e-05,0,0
"390","C762_contig_42",8.28302881683845e-05,0,0,0,1.92564742673546e-05,1.79748560164602e-06,0
"391","C762_contig_43",2.07075720420961e-05,5.42903609201478e-06,0,0,1.22541199883166e-05,0,0
"392","C762_contig_44",4.91804835999783e-05,2.50484670329854e-05,2.11083111714435e-05,1.55453431719033e-05,2.62588285463927e-05,1.97746536254734e-05,1.00859893301634e-05
"393","C762_contig_45",4.14151440841922e-05,0,0,9.71583948243956e-06,1.05035314185571e-05,0,0
"394","C762_contig_46",2.32960185473581e-05,0,0,0,5.25176570927853e-06,0,0
"395","C762_contig_47",5.69458231157643e-05,0,0,0,3.50117713951902e-06,3.59497120329204e-06,0
"396","C762_contig_48",4.14151440841922e-05,0,0,0,5.25176570927853e-06,0,0
"397","C762_contig_49",4.65920370947163e-05,0,2.02049611463648e-06,1.94316789648791e-06,3.50117713951902e-06,0,2.51920471629384e-06
"398","C762_contig_5",0.00119586228543105,4.61468067821256e-05,6.6676371783004e-05,6.21813726876132e-05,0.000411388313893485,1.79748560164602e-05,2.51920471629384e-05
"399","C762_contig_50",1.03537860210481e-05,0,0,0,5.25176570927853e-06,0,0
"400","C762_contig_51",5.17689301052403e-06,0,2.02049611463648e-06,0,7.00235427903804e-06,0,0
"401","C762_contig_52",1.03537860210481e-05,2.71451804600739e-06,0,0,8.75294284879755e-06,1.79748560164602e-06,0
"402","C762_contig_53",0,2.71451804600739e-06,4.04099222927297e-06,3.88633579297582e-06,7.00235427903804e-06,1.79748560164602e-06,0
"403","C762_contig_54",7.76533951578604e-06,0,0,0,1.75058856975951e-06,0,5.03840943258768e-06
"404","C762_contig_55",1.29422325263101e-05,0,0,3.88633579297582e-06,1.92564742673546e-05,0,1.00768188651754e-05
"405","C762_contig_56",1.03537860210481e-05,2.71451804600739e-06,8.08198445854594e-06,1.94316789648791e-06,1.57552971278356e-05,1.07849136098761e-05,5.03840943258768e-06
"406","C762_contig_57",1.29422325263101e-05,0,0,1.94316789648791e-06,1.75058856975951e-06,0,0
"407","C762_contig_58",0,2.71451804600739e-06,0,0,1.05035314185571e-05,1.79748560164602e-06,0
"408","C762_contig_59",2.58844650526201e-06,0,0,0,0,0,0
"409","C762_contig_6",0.00246165727504923,0.000291471614378325,0.000377625018165709,0.000422242572175437,0.000856296578593318,0.000193600801152519,0.000332109875888259
"410","C762_contig_60",0.03243259006922,0.0139765376050702,0.0169780514501294,0.0171366760418374,0.0212464953063337,0.0112513838811472,0.012715050667667
"411","C762_contig_61",0,0,0,0,0,0,0
"412","C762_contig_62",0,0,0,0,0,0,0
"413","C762_contig_63",7.76533951578604e-06,0,0,0,1.75058856975951e-06,0,0
"414","C762_contig_64",5.17689301052403e-06,0,0,0,0,0,0
"415","C762_contig_65",3.88266975789302e-05,2.71451804600739e-05,2.62664494902743e-05,2.1374846861367e-05,1.92564742673546e-05,1.61773704148142e-05,5.03840943258768e-06
"416","C762_contig_66",2.58844650526201e-06,0,0,0,3.50117713951902e-06,0,0
"417","C762_contig_67",0.0284691962717093,0.00714507536624367,0.00731609808985068,0.00808751251290074,0.0091693376082742,0.00632364257268047,0.00727181890020284
"418","C762_contig_68",5.17689301052403e-06,0,0,0,0,0,0
"419","C762_contig_69",0,0,0,0,0,0,0
"420","C762_contig_7",0.0011550492718386,0.000388176080579057,0.000192785225814784,0.00018654411806284,0.000506947094123495,0.000714303297333359,0.000260416736162933
"421","C762_contig_70",0,0,2.02049611463648e-06,0,3.50117713951902e-06,0,0
"422","C762_contig_71",2.58844650526201e-06,0,6.06148834390945e-06,0,5.25176570927853e-06,0,0
"423","C762_contig_72",0,0,0,0,1.75058856975951e-06,0,0
"424","C762_contig_73",2.58844650526201e-06,0,0,0,0,0,0
"425","C762_contig_74",5.17689301052403e-06,0,0,0,1.75058856975951e-06,0,0
"426","C762_contig_75",0,0,0,0,0,0,0
"427","C762_contig_76",0,0,0,0,7.00235427903804e-06,0,0
"428","C762_contig_77",0,0,0,0,0,0,0
"429","C762_contig_78",2.58844650526201e-06,0,4.04099222927297e-06,0,0,0,0
"430","C762_contig_79",2.58844650526201e-06,0,0,0,1.75058856975951e-06,0,0
"431","C762_contig_8",0.00081018375614701,7.32919872421995e-05,0.000119402259584455,5.84989675780033e-05,0.000406222773326282,3.05572552279824e-05,5.79417084747583e-05
"432","C762_contig_80",0.00206941766671312,0.00292859783788263,0.00271433646105228,0.0035890688355399,0.003844696175449,0.0031256146102473,0.00263033369444051
"433","C762_contig_81",0,0,0,0,0,0,0
"434","C762_contig_82",0,0,0,0,0,0,0
"435","C762_contig_83",5.17689301052403e-06,0,0,0,0,0,0
"436","C762_contig_84",0,0,0,0,0,0,0
"437","C762_contig_85",0,0,0,0,0,0,0
"438","C762_contig_86",0,0,0,0,1.75058856975951e-06,0,0
"439","C762_contig_87",0,0,0,0,0,0,0
"440","C762_contig_88",0,0,0,0,1.75058856975951e-06,0,0
"441","C762_contig_89",7.76533951578604e-06,0,0,0,0,0,0
"442","C762_contig_9",0.0007972415236207,0.000121421492623274,8.93904428675896e-05,4.54085496757881e-05,0.00028709652544056,1.43798848131682e-05,2.26728424466446e-05
"443","C762_contig_90",0,0,0,0,0,0,0
"444","C762_contig_91",0,0,0,0,0,0,0
"445","C762_contig_92",0,0,0,0,1.75058856975951e-06,0,0
"446","C762_contig_93",0,0,0,0,0,0,0
"447","C762_contig_94",2.58844650526201e-06,0,0,0,0,0,2.51920471629384e-06
"448","C762_contig_95",0,2.71451804600739e-05,1.2916743018569e-05,0,1.75058856975951e-06,0,0
"449","C762_contig_96",2.58844650526201e-06,0,2.02049611463648e-06,0,0,0,2.51920471629384e-06
"450","C762_contig_97",1.29422325263101e-05,0,0,0,0,0,0
"451","C762_contig_98",0,0,0,0,0,0,0
"452","C762_contig_99",0,0,0,0,0,0,0
"453","Non-Mapped_Reads",99.7151104007379,99.8482937299628,99.835485144858,99.8352387940568,99.708702061992,99.8656505336762,99.8825143688509
